Séance,Instrument,Ticker,Ouverture,Dernier_Cours,+haut_du_jour,+bas du jour,Nombre_de_titres_échangés,Volume_des_échanges,Nombre_de_transactions,Capitalisation
13/08/2025,ATTIJARIWAFA BANK,ATW,"760,00","765,00","769,00","754,00",45 577,"34 678 063,20",108,"164 582 741 835,00"
12/08/2025,ATTIJARIWAFA BANK,ATW,"770,00","768,00","770,00","767,00",14 157,"10 873 921,30",77,"165 228 164 352,00"
11/08/2025,ATTIJARIWAFA BANK,ATW,"777,90","768,90","777,90","768,90",14 504,"11 201 735,10",83,"165 421 791 107,10"
08/08/2025,ATTIJARIWAFA BANK,ATW,"779,90","767,90","790,00","767,90",81 756,"63 422 721,90",175,"165 206 650 268,10"
07/08/2025,ATTIJARIWAFA BANK,ATW,"767,00","769,70","775,00","760,00",35 695,"27 475 109,30",101,"165 593 903 778,30"
06/08/2025,ATTIJARIWAFA BANK,ATW,"752,00","767,90","767,90","750,00",133 561,"100 837 270,10",137,"165 206 650 268,10"
05/08/2025,ATTIJARIWAFA BANK,ATW,"747,50","753,00","754,00","747,50",49 944,"37 464 712,00",71,"162 001 051 767,00"
04/08/2025,ATTIJARIWAFA BANK,ATW,"750,00","750,00","750,00","743,00",28 909,"21 641 684,20",131,"161 355 629 250,00"
01/08/2025,ATTIJARIWAFA BANK,ATW,"765,00","750,00","765,00","750,00",23 320,"17 644 908,10",78,"161 355 629 250,00"
31/07/2025,ATTIJARIWAFA BANK,ATW,"736,00","750,00","755,00","736,00",78 619,"58 760 074,80",204,"161 355 629 250,00"
29/07/2025,ATTIJARIWAFA BANK,ATW,"725,10","740,00","740,00","725,10",100 075,"73 211 589,70",110,"159 204 220 860,00"
28/07/2025,ATTIJARIWAFA BANK,ATW,"730,00","726,00","733,90","722,00",33 349,"24 212 316,10",98,"156 192 249 114,00"
25/07/2025,ATTIJARIWAFA BANK,ATW,"733,50","735,00","740,00","721,00",83 606,"61 357 357,30",139,"158 128 516 665,00"
24/07/2025,ATTIJARIWAFA BANK,ATW,"710,00","730,00","730,00","707,00",61 264,"43 943 028,60",109,"157 052 812 470,00"
23/07/2025,ATTIJARIWAFA BANK,ATW,"707,00","710,00","710,00","707,00",26 508,"18 775 892,10",75,"152 749 995 690,00"
22/07/2025,ATTIJARIWAFA BANK,ATW,"710,50","710,90","717,00","710,00",63 456,"45 069 818,50",75,"152 943 622 445,10"
21/07/2025,ATTIJARIWAFA BANK,ATW,"724,90","718,00","724,90","705,00",5 101,"3 665 980,90",55,"154 471 122 402,00"
18/07/2025,ATTIJARIWAFA BANK,ATW,"691,20","725,00","725,00","690,20",87 773,"62 320 850,60",129,"155 977 108 275,00"
17/07/2025,ATTIJARIWAFA BANK,ATW,"700,00","700,00","700,00","688,00",34 766,"24 318 794,00",89,"150 598 587 300,00"
16/07/2025,ATTIJARIWAFA BANK,ATW,"699,90","700,00","700,00","695,00",5 629,"3 928 013,10",56,"150 598 587 300,00"
15/07/2025,ATTIJARIWAFA BANK,ATW,"695,30","699,80","700,00","695,10",26 403,"18 451 455,90",83,"150 555 559 132,20"
14/07/2025,ATTIJARIWAFA BANK,ATW,"697,80","700,00","700,00","696,60",23 549,"16 475 756,10",83,"150 598 587 300,00"
11/07/2025,ATTIJARIWAFA BANK,ATW,"696,90","700,90","700,90","696,30",59 900,"41 941 792,50",123,"150 792 214 055,10"
10/07/2025,ATTIJARIWAFA BANK,ATW,"697,50","700,00","700,00","697,00",66 429,"46 475 505,10",92,"150 598 587 300,00"
09/07/2025,ATTIJARIWAFA BANK,ATW,"700,00","699,80","701,00","695,30",29 339,"20 524 086,90",85,"150 555 559 132,20"
08/07/2025,ATTIJARIWAFA BANK,ATW,"700,00","700,00","700,50","695,10",54 772,"38 329 405,90",163,"150 598 587 300,00"
07/07/2025,ATTIJARIWAFA BANK,ATW,"683,10","700,00","700,00","683,10",110 002,"76 672 286,80",168,"150 598 587 300,00"
04/07/2025,ATTIJARIWAFA BANK,ATW,"680,00","693,00","693,00","680,00",29 849,"20 617 155,10",93,"149 092 601 427,00"
03/07/2025,ATTIJARIWAFA BANK,ATW,"682,00","690,00","690,00","682,00",27 530,"18 872 911,20",67,"148 447 178 910,00"
02/07/2025,ATTIJARIWAFA BANK,ATW,"678,00","682,00","684,00","675,00",4 181,"2 842 730,70",44,"146 726 052 198,00"
01/07/2025,ATTIJARIWAFA BANK,ATW,"685,00","682,00","685,00","678,00",5 880,"4 003 029,00",42,"146 726 052 198,00"
30/06/2025,ATTIJARIWAFA BANK,ATW,"680,00","680,00","690,00","680,00",78 071,"53 097 220,60",82,"146 295 770 520,00"
26/06/2025,ATTIJARIWAFA BANK,ATW,"685,00","693,00","693,00","681,10",350 287,"240 259 876,70",133,"149 092 601 427,00"
25/06/2025,ATTIJARIWAFA BANK,ATW,"675,00","685,20","686,00","675,00",28 591,"19 522 006,60",90,"147 414 502 882,80"
24/06/2025,ATTIJARIWAFA BANK,ATW,"670,00","680,00","681,00","670,00",57 446,"39 006 767,20",112,"146 295 770 520,00"
23/06/2025,ATTIJARIWAFA BANK,ATW,"660,00","660,00","670,00","659,90",44 785,"29 605 278,10",78,"141 992 953 740,00"
20/06/2025,ATTIJARIWAFA BANK,ATW,"661,00","665,00","680,00","661,00",83 724,"55 886 923,60",114,"143 068 657 935,00"
19/06/2025,ATTIJARIWAFA BANK,ATW,"663,00","658,00","665,00","656,10",106 595,"70 196 118,60",144,"141 562 672 062,00"
18/06/2025,ATTIJARIWAFA BANK,ATW,"670,00","663,00","670,60","663,00",38 578,"25 719 917,60",152,"142 638 376 257,00"
17/06/2025,ATTIJARIWAFA BANK,ATW,"675,30","671,50","676,00","671,10",58 647,"39 557 358,70",105,"144 467 073 388,50"
16/06/2025,ATTIJARIWAFA BANK,ATW,"677,00","676,10","680,00","671,00",12 399,"8 368 031,20",66,"145 456 721 247,90"
13/06/2025,ATTIJARIWAFA BANK,ATW,"671,00","686,00","686,00","671,00",52 986,"35 774 975,70",148,"147 586 615 554,00"
12/06/2025,ATTIJARIWAFA BANK,ATW,"680,00","684,20","685,00","680,00",67 176,"45 927 080,00",88,"147 199 362 043,80"
11/06/2025,ATTIJARIWAFA BANK,ATW,"687,00","682,50","689,00","680,00",43 827,"29 890 888,30",57,"146 833 622 617,50"
10/06/2025,ATTIJARIWAFA BANK,ATW,"673,00","680,00","693,00","672,20",28 057,"19 055 106,90",73,"146 295 770 520,00"
06/06/2025,ATTIJARIWAFA BANK,ATW,"685,00","671,60","689,00","671,60",45 267,"30 687 602,70",92,"144 488 587 472,40"
05/06/2025,ATTIJARIWAFA BANK,ATW,"683,00","683,50","695,00","683,00",9 616,"6 579 391,20",76,"147 048 763 456,50"
04/06/2025,ATTIJARIWAFA BANK,ATW,"675,00","682,00","690,00","675,00",80 130,"54 666 148,40",103,"146 726 052 198,00"
03/06/2025,ATTIJARIWAFA BANK,ATW,"672,00","675,00","676,00","670,00",87 260,"58 873 332,30",88,"145 220 066 325,00"
02/06/2025,ATTIJARIWAFA BANK,ATW,"670,00","670,00","672,00","662,10",2 609,"1 740 446,60",49,"144 144 362 130,00"
30/05/2025,ATTIJARIWAFA BANK,ATW,"663,00","664,00","670,00","662,00",265 788,"176 518 187,90",182,"142 853 517 096,00"
29/05/2025,ATTIJARIWAFA BANK,ATW,"673,00","662,80","673,00","662,80",32 423,"21 525 958,30",111,"142 595 348 089,20"
28/05/2025,ATTIJARIWAFA BANK,ATW,"670,60","673,00","680,00","670,60",10 644,"7 171 701,00",63,"144 789 784 647,00"
27/05/2025,ATTIJARIWAFA BANK,ATW,"685,00","679,00","685,00","670,00",3 562,"2 414 912,20",56,"146 080 629 681,00"
26/05/2025,ATTIJARIWAFA BANK,ATW,"695,00","690,60","698,00","690,60",13 031,"9 023 019,10",68,"148 576 263 413,40"
23/05/2025,ATTIJARIWAFA BANK,ATW,"699,00","694,90","699,00","694,10",63 618,"44 354 490,60",89,"149 501 369 021,10"
22/05/2025,ATTIJARIWAFA BANK,ATW,"685,00","693,00","701,00","685,00",31 970,"22 282 825,50",151,"149 092 601 427,00"
21/05/2025,ATTIJARIWAFA BANK,ATW,"680,00","685,00","688,00","673,10",25 447,"17 387 817,10",97,"147 371 474 715,00"
20/05/2025,ATTIJARIWAFA BANK,ATW,"667,10","680,00","680,00","667,10",40 589,"27 418 505,00",125,"146 295 770 520,00"
19/05/2025,ATTIJARIWAFA BANK,ATW,"667,20","672,00","674,00","667,20",24 496,"16 383 965,40",65,"144 574 643 808,00"
16/05/2025,ATTIJARIWAFA BANK,ATW,"673,00","667,10","676,00","667,10",109 240,"72 972 940,90",90,"143 520 453 696,90"
15/05/2025,ATTIJARIWAFA BANK,ATW,"676,50","675,00","677,00","675,00",55 984,"37 817 546,60",101,"145 220 066 325,00"
14/05/2025,ATTIJARIWAFA BANK,ATW,"670,60","676,00","676,90","670,60",110 822,"74 865 940,40",95,"145 435 207 164,00"
13/05/2025,ATTIJARIWAFA BANK,ATW,"670,40","674,90","676,90","670,40",28 666,"19 344 498,30",68,"145 198 552 241,10"
12/05/2025,ATTIJARIWAFA BANK,ATW,"665,10","675,00","675,00","665,10",151 868,"102 444 933,60",158,"145 220 066 325,00"
09/05/2025,ATTIJARIWAFA BANK,ATW,"665,50","666,00","670,00","665,50",21 637,"14 419 366,50",46,"143 283 798 774,00"
08/05/2025,ATTIJARIWAFA BANK,ATW,"663,00","670,00","671,00","663,00",74 782,"50 068 763,60",86,"144 144 362 130,00"
07/05/2025,ATTIJARIWAFA BANK,ATW,"660,30","665,10","666,00","660,30",50 566,"33 598 124,60",87,"143 090 172 018,90"
06/05/2025,ATTIJARIWAFA BANK,ATW,"663,00","663,00","665,00","660,30",20 806,"13 791 204,60",60,"142 638 376 257,00"
05/05/2025,ATTIJARIWAFA BANK,ATW,"660,30","663,00","665,00","660,30",3 888,"2 575 097,10",52,"142 638 376 257,00"
02/05/2025,ATTIJARIWAFA BANK,ATW,"660,00","663,00","663,00","659,10",24 769,"16 374 141,50",74,"142 638 376 257,00"
30/04/2025,ATTIJARIWAFA BANK,ATW,"664,00","660,00","664,00","659,00",110 038,"72 780 494,40",114,"141 992 953 740,00"
29/04/2025,ATTIJARIWAFA BANK,ATW,"661,10","659,00","665,00","659,00",12 568,"8 297 361,70",92,"141 777 812 901,00"
28/04/2025,ATTIJARIWAFA BANK,ATW,"661,00","665,00","666,00","661,00",18 507,"12 302 744,70",63,"143 068 657 935,00"
25/04/2025,ATTIJARIWAFA BANK,ATW,"662,90","663,00","665,00","660,00",43 549,"28 875 123,20",82,"142 638 376 257,00"
24/04/2025,ATTIJARIWAFA BANK,ATW,"660,00","662,90","667,00","660,00",25 483,"16 893 494,70",77,"142 616 862 173,10"
23/04/2025,ATTIJARIWAFA BANK,ATW,"665,00","660,00","670,00","660,00",28 369,"18 747 134,20",75,"141 992 953 740,00"
22/04/2025,ATTIJARIWAFA BANK,ATW,"665,10","665,00","671,00","665,00",57 054,"38 079 383,30",110,"143 068 657 935,00"
21/04/2025,ATTIJARIWAFA BANK,ATW,"665,00","673,00","673,00","662,10",26 772,"17 890 460,80",78,"144 789 784 647,00"
18/04/2025,ATTIJARIWAFA BANK,ATW,"661,00","670,00","670,00","661,00",82 413,"55 017 109,00",100,"144 144 362 130,00"
17/04/2025,ATTIJARIWAFA BANK,ATW,"663,00","664,00","669,90","660,10",24 406,"16 200 099,10",92,"142 853 517 096,00"
16/04/2025,ATTIJARIWAFA BANK,ATW,"670,00","665,00","670,00","660,60",71 246,"47 377 586,90",121,"143 068 657 935,00"
15/04/2025,ATTIJARIWAFA BANK,ATW,"648,00","664,00","664,80","641,30",43 581,"28 721 057,90",133,"142 853 517 096,00"
14/04/2025,ATTIJARIWAFA BANK,ATW,"636,10","648,00","648,00","636,10",33 587,"21 517 497,10",108,"139 411 263 672,00"
11/04/2025,ATTIJARIWAFA BANK,ATW,"649,00","630,10","649,00","625,20",137 925,"87 083 263,80",295,"135 560 242 653,90"
10/04/2025,ATTIJARIWAFA BANK,ATW,"659,00","640,00","675,00","638,00",247 641,"161 437 226,80",385,"137 690 136 960,00"
09/04/2025,ATTIJARIWAFA BANK,ATW,"640,00","636,70","655,00","635,00",145 736,"93 146 923,40",300,"136 980 172 191,30"
08/04/2025,ATTIJARIWAFA BANK,ATW,"660,00","658,90","670,00","650,30",95 537,"62 989 271,90",233,"141 756 298 817,10"
07/04/2025,ATTIJARIWAFA BANK,ATW,"650,00","646,50","656,00","640,00",131 356,"84 957 409,80",337,"139 088 552 413,50"
04/04/2025,ATTIJARIWAFA BANK,ATW,"680,00","675,00","684,00","675,00",181 780,"123 218 299,10",201,"145 220 066 325,00"
03/04/2025,ATTIJARIWAFA BANK,ATW,"681,50","680,00","688,00","676,30",139 962,"95 366 624,90",186,"146 295 770 520,00"
02/04/2025,ATTIJARIWAFA BANK,ATW,"697,00","690,00","697,00","686,20",27 191,"18 816 021,30",104,"148 447 178 910,00"
28/03/2025,ATTIJARIWAFA BANK,ATW,"691,30","699,80","699,90","691,30",93 686,"65 449 167,20",95,"150 555 559 132,20"
27/03/2025,ATTIJARIWAFA BANK,ATW,"695,00","690,10","695,00","680,00",47 908,"33 038 243,40",94,"148 468 692 993,90"
26/03/2025,ATTIJARIWAFA BANK,ATW,"690,00","692,00","703,00","690,00",28 453,"19 742 551,20",106,"148 877 460 588,00"
25/03/2025,ATTIJARIWAFA BANK,ATW,"705,00","693,10","706,00","685,00",184 542,"129 802 273,10",177,"149 114 115 510,90"
24/03/2025,ATTIJARIWAFA BANK,ATW,"687,00","705,00","705,30","687,00",227 935,"159 867 540,60",193,"151 674 291 495,00"
21/03/2025,ATTIJARIWAFA BANK,ATW,"680,00","687,00","687,00","678,00",229 250,"156 175 180,10",162,"147 801 756 393,00"
20/03/2025,ATTIJARIWAFA BANK,ATW,"671,50","675,00","678,00","671,50",457 723,"307 759 735,00",155,"145 220 066 325,00"
19/03/2025,ATTIJARIWAFA BANK,ATW,"660,70","670,10","673,00","660,70",259 539,"173 797 687,20",187,"144 165 876 213,90"
18/03/2025,ATTIJARIWAFA BANK,ATW,"645,00","650,10","650,10","643,10",118 271,"76 855 042,50",115,"139 863 059 433,90"
17/03/2025,ATTIJARIWAFA BANK,ATW,"649,40","644,10","650,00","644,00",21 636,"13 947 073,60",84,"138 572 214 399,90"
14/03/2025,ATTIJARIWAFA BANK,ATW,"645,00","649,00","650,00","645,00",42 275,"27 439 014,30",103,"139 626 404 511,00"
13/03/2025,ATTIJARIWAFA BANK,ATW,"633,00","645,00","645,00","633,00",93 714,"59 748 639,10",92,"138 765 841 155,00"
12/03/2025,ATTIJARIWAFA BANK,ATW,"643,00","633,00","645,00","630,90",87 084,"55 244 476,50",176,"136 184 151 087,00"
11/03/2025,ATTIJARIWAFA BANK,ATW,"640,00","640,00","644,50","640,00",100 876,"64 598 798,90",141,"137 690 136 960,00"
10/03/2025,ATTIJARIWAFA BANK,ATW,"635,00","637,10","648,90","635,00",43 348,"27 611 592,20",63,"137 066 228 526,90"
07/03/2025,ATTIJARIWAFA BANK,ATW,"634,50","635,00","635,00","632,00",30 243,"19 175 347,80",62,"136 614 432 765,00"
06/03/2025,ATTIJARIWAFA BANK,ATW,"635,00","634,00","637,00","631,20",61 207,"38 840 179,90",77,"136 399 291 926,00"
05/03/2025,ATTIJARIWAFA BANK,ATW,"635,10","635,00","638,00","632,10",39 096,"24 828 888,00",97,"136 614 432 765,00"
04/03/2025,ATTIJARIWAFA BANK,ATW,"640,20","638,00","645,00","638,00",100 767,"64 415 780,20",159,"137 259 855 282,00"
03/03/2025,ATTIJARIWAFA BANK,ATW,"641,10","645,00","658,00","641,10",30 921,"19 990 641,80",55,"138 765 841 155,00"
28/02/2025,ATTIJARIWAFA BANK,ATW,"663,00","640,10","663,00","640,10",44 828,"28 950 733,30",131,"137 711 651 043,90"
27/02/2025,ATTIJARIWAFA BANK,ATW,"668,90","655,00","668,90","651,50",21 980,"14 486 297,60",142,"140 917 249 545,00"
26/02/2025,ATTIJARIWAFA BANK,ATW,"675,00","660,00","676,00","660,00",40 721,"27 113 847,60",168,"141 992 953 740,00"
25/02/2025,ATTIJARIWAFA BANK,ATW,"666,00","666,00","670,00","661,00",23 815,"15 861 784,90",63,"143 283 798 774,00"
24/02/2025,ATTIJARIWAFA BANK,ATW,"665,20","666,00","668,00","660,10",38 782,"25 792 885,90",99,"143 283 798 774,00"
21/02/2025,ATTIJARIWAFA BANK,ATW,"669,50","666,00","671,00","666,00",49 871,"33 303 237,40",130,"143 283 798 774,00"
20/02/2025,ATTIJARIWAFA BANK,ATW,"666,10","667,50","670,00","666,10",38 153,"25 485 765,70",121,"143 606 510 032,50"
19/02/2025,ATTIJARIWAFA BANK,ATW,"655,00","670,00","670,00","655,00",86 042,"57 004 023,30",150,"144 144 362 130,00"
18/02/2025,ATTIJARIWAFA BANK,ATW,"646,00","657,00","657,80","646,00",169 060,"110 354 585,00",221,"141 347 531 223,00"
17/02/2025,ATTIJARIWAFA BANK,ATW,"641,00","648,10","648,10","641,00",64 325,"41 567 697,90",118,"139 432 777 755,90"
14/02/2025,ATTIJARIWAFA BANK,ATW,"638,00","645,00","645,00","636,10",61 900,"39 726 468,30",106,"138 765 841 155,00"
13/02/2025,ATTIJARIWAFA BANK,ATW,"634,00","638,00","644,00","634,00",57 437,"36 751 630,60",97,"137 259 855 282,00"
12/02/2025,ATTIJARIWAFA BANK,ATW,"630,00","640,00","641,00","630,00",101 729,"64 975 704,60",158,"137 690 136 960,00"
11/02/2025,ATTIJARIWAFA BANK,ATW,"624,40","626,00","634,00","624,40",89 897,"56 731 810,20",87,"134 678 165 214,00"
10/02/2025,ATTIJARIWAFA BANK,ATW,"627,00","630,00","630,00","623,10",9 789,"6 139 087,30",63,"135 538 728 570,00"
07/02/2025,ATTIJARIWAFA BANK,ATW,"622,50","628,50","630,00","622,50",106 385,"66 581 377,20",136,"135 216 017 311,50"
06/02/2025,ATTIJARIWAFA BANK,ATW,"623,00","630,10","630,10","623,00",21 821,"13 686 914,60",78,"135 560 242 653,90"
05/02/2025,ATTIJARIWAFA BANK,ATW,"621,50","625,00","627,90","621,50",21 304,"13 289 548,90",106,"134 463 024 375,00"
04/02/2025,ATTIJARIWAFA BANK,ATW,"624,10","622,10","629,00","622,10",41 477,"25 883 973,20",122,"133 839 115 941,90"
03/02/2025,ATTIJARIWAFA BANK,ATW,"630,00","623,80","630,00","623,80",9 494,"5 930 667,80",83,"134 204 855 368,20"
31/01/2025,ATTIJARIWAFA BANK,ATW,"635,00","631,00","640,00","625,00",82 922,"52 411 577,20",133,"135 753 869 409,00"
30/01/2025,ATTIJARIWAFA BANK,ATW,"629,00","636,00","650,00","626,00",99 982,"63 625 409,00",202,"136 829 573 604,00"
29/01/2025,ATTIJARIWAFA BANK,ATW,"616,00","629,90","629,90","616,00",86 131,"54 039 101,10",128,"135 517 214 486,10"
28/01/2025,ATTIJARIWAFA BANK,ATW,"612,50","617,10","619,50","612,50",19 329,"11 903 352,50",99,"132 763 411 746,90"
27/01/2025,ATTIJARIWAFA BANK,ATW,"612,10","614,90","619,00","612,10",18 789,"11 545 073,70",81,"132 290 101 901,10"
24/01/2025,ATTIJARIWAFA BANK,ATW,"612,10","615,00","620,00","612,00",99 238,"60 972 515,20",143,"132 311 615 985,00"
23/01/2025,ATTIJARIWAFA BANK,ATW,"610,50","612,60","615,00","610,50",94 368,"57 705 065,70",103,"131 795 277 971,40"
22/01/2025,ATTIJARIWAFA BANK,ATW,"613,00","613,00","617,80","610,00",139 980,"85 437 863,80",103,"131 881 334 307,00"
21/01/2025,ATTIJARIWAFA BANK,ATW,"622,10","613,80","624,00","613,80",75 461,"46 662 070,10",154,"132 053 446 978,20"
20/01/2025,ATTIJARIWAFA BANK,ATW,"620,10","622,10","625,00","620,10",16 422,"10 214 501,60",71,"133 839 115 941,90"
17/01/2025,ATTIJARIWAFA BANK,ATW,"625,00","621,00","627,00","620,40",47 471,"29 492 602,40",133,"133 602 461 019,00"
16/01/2025,ATTIJARIWAFA BANK,ATW,"630,00","624,70","630,00","620,10",38 872,"24 401 765,90",159,"134 398 482 123,30"
15/01/2025,ATTIJARIWAFA BANK,ATW,"630,00","627,50","630,00","623,20",107 790,"67 666 793,90",125,"135 000 876 472,50"
13/01/2025,ATTIJARIWAFA BANK,ATW,"620,00","620,00","629,00","607,00",17 323,"10 726 845,50",76,"133 387 320 180,00"
10/01/2025,ATTIJARIWAFA BANK,ATW,"620,00","620,00","633,00","620,00",219 365,"137 794 770,80",272,"133 387 320 180,00"
09/01/2025,ATTIJARIWAFA BANK,ATW,"614,00","621,80","634,00","614,00",147 990,"92 079 739,40",282,"133 774 573 690,20"
08/01/2025,ATTIJARIWAFA BANK,ATW,"606,00","614,20","620,00","606,00",74 712,"45 939 061,80",291,"132 139 503 313,80"
07/01/2025,ATTIJARIWAFA BANK,ATW,"603,40","606,10","610,00","603,40",117 842,"71 504 538,20",180,"130 396 862 517,90"
06/01/2025,ATTIJARIWAFA BANK,ATW,"602,00","605,00","620,00","602,00",126 591,"77 391 960,70",296,"130 160 207 595,00"
03/01/2025,ATTIJARIWAFA BANK,ATW,"585,00","608,90","610,10","584,00",344 256,"206 742 077,60",734,"130 999 256 867,10"
02/01/2025,ATTIJARIWAFA BANK,ATW,"571,00","583,00","590,00","571,00",98 594,"57 277 998,60",298,"125 427 109 137,00"
31/12/2024,ATTIJARIWAFA BANK,ATW,"564,50","569,00","571,50","564,50",59 239,"33 645 935,60",331,"122 415 137 391,00"
30/12/2024,ATTIJARIWAFA BANK,ATW,"560,00","566,00","566,00","560,00",106 307,"59 984 609,30",337,"121 769 714 874,00"
27/12/2024,ATTIJARIWAFA BANK,ATW,"567,50","566,00","569,00","565,00",102 909,"58 285 956,70",561,"121 769 714 874,00"
26/12/2024,ATTIJARIWAFA BANK,ATW,"565,70","570,00","573,00","565,70",556 229,"317 050 075,40",51,"122 630 278 230,00"
25/12/2024,ATTIJARIWAFA BANK,ATW,"575,00","569,50","575,00","565,00",25 665,"14 622 034,20",50,"122 522 707 810,50"
24/12/2024,ATTIJARIWAFA BANK,ATW,"570,00","570,00","575,00","566,10",11 007,"6 271 722,80",48,"122 630 278 230,00"
23/12/2024,ATTIJARIWAFA BANK,ATW,"565,60","574,00","575,00","565,60",172 152,"98 811 014,60",48,"123 490 841 586,00"
20/12/2024,ATTIJARIWAFA BANK,ATW,"571,10","574,00","575,00","567,00",89 430,"51 091 564,10",72,"123 490 841 586,00"
19/12/2024,ATTIJARIWAFA BANK,ATW,"572,00","571,50","577,90","571,50",29 254,"16 726 673,70",34,"122 952 989 488,50"
18/12/2024,ATTIJARIWAFA BANK,ATW,"578,00","571,60","578,00","571,60",13 465,"7 705 333,80",40,"122 974 503 572,40"
17/12/2024,ATTIJARIWAFA BANK,ATW,"573,00","575,00","585,00","571,50",165 127,"94 804 710,00",132,"123 705 982 425,00"
16/12/2024,ATTIJARIWAFA BANK,ATW,"568,00","572,50","579,40","568,00",1 069,"611 567,80",31,"123 168 130 327,50"
13/12/2024,ATTIJARIWAFA BANK,ATW,"573,00","571,80","579,00","567,30",53 358,"30 486 481,80",82,"123 017 531 740,20"
12/12/2024,ATTIJARIWAFA BANK,ATW,"569,00","572,00","579,50","568,00",27 735,"15 880 394,30",61,"123 060 559 908,00"
11/12/2024,ATTIJARIWAFA BANK,ATW,"570,00","573,30","577,90","566,30",8 505,"4 894 703,00",34,"123 340 242 998,70"
10/12/2024,ATTIJARIWAFA BANK,ATW,"575,00","566,00","583,00","565,00",4 244,"2 418 957,00",36,"121 769 714 874,00"
09/12/2024,ATTIJARIWAFA BANK,ATW,"572,50","579,80","584,00","572,50",15 376,"8 892 236,00",47,"124 738 658 452,20"
06/12/2024,ATTIJARIWAFA BANK,ATW,"580,00","575,00","594,40","575,00",37 317,"21 489 658,90",87,"123 705 982 425,00"
05/12/2024,ATTIJARIWAFA BANK,ATW,"564,00","600,00","600,00","564,00",51 786,"30 418 262,90",88,"129 084 503 400,00"
04/12/2024,ATTIJARIWAFA BANK,ATW,"572,00","567,00","572,00","562,30",10 912,"6 189 520,60",26,"121 984 855 713,00"
03/12/2024,ATTIJARIWAFA BANK,ATW,"565,10","568,90","570,00","563,00",3 540,"2 010 900,10",35,"122 393 623 307,10"
02/12/2024,ATTIJARIWAFA BANK,ATW,"576,00","570,00","576,00","570,00",11 787,"6 752 969,20",34,"122 630 278 230,00"
29/11/2024,ATTIJARIWAFA BANK,ATW,"571,00","574,00","578,00","570,60",29 860,"17 135 500,00",50,"123 490 841 586,00"
28/11/2024,ATTIJARIWAFA BANK,ATW,"575,00","573,10","580,00","565,00",17 483,"10 041 445,40",42,"123 297 214 830,90"
27/11/2024,ATTIJARIWAFA BANK,ATW,"565,00","575,00","575,00","565,00",62 036,"35 507 388,90",80,"123 705 982 425,00"
26/11/2024,ATTIJARIWAFA BANK,ATW,"562,10","570,00","575,00","560,60",13 370,"7 576 516,80",60,"122 630 278 230,00"
25/11/2024,ATTIJARIWAFA BANK,ATW,"572,00","561,00","572,10","561,00",51 485,"28 947 250,70",102,"120 694 010 679,00"
22/11/2024,ATTIJARIWAFA BANK,ATW,"575,00","575,00","576,50","571,00",14 162,"8 121 729,70",56,"123 705 982 425,00"
21/11/2024,ATTIJARIWAFA BANK,ATW,"580,00","575,50","580,00","575,10",25 606,"14 795 729,00",67,"123 813 552 844,50"
20/11/2024,ATTIJARIWAFA BANK,ATW,"584,00","580,00","584,00","577,00",54 251,"31 489 675,80",74,"124 781 686 620,00"
19/11/2024,ATTIJARIWAFA BANK,ATW,"579,00","584,00","590,00","578,00",66 628,"38 784 900,20",101,"125 642 249 976,00"
15/11/2024,ATTIJARIWAFA BANK,ATW,"567,20","578,00","578,00","567,20",76 278,"43 665 328,20",115,"124 351 404 942,00"
14/11/2024,ATTIJARIWAFA BANK,ATW,"569,90","569,70","569,90","565,00",26 187,"14 896 191,70",38,"122 565 735 978,30"
13/11/2024,ATTIJARIWAFA BANK,ATW,"571,00","568,10","571,00","567,10",13 299,"7 573 428,40",33,"122 221 510 635,90"
12/11/2024,ATTIJARIWAFA BANK,ATW,"567,10","570,00","574,00","567,10",34 538,"19 700 727,50",94,"122 630 278 230,00"
11/11/2024,ATTIJARIWAFA BANK,ATW,"570,00","570,00","571,90","566,00",46 543,"26 473 104,70",82,"122 630 278 230,00"
08/11/2024,ATTIJARIWAFA BANK,ATW,"565,00","570,10","570,10","565,00",144 277,"81 920 317,70",159,"122 651 792 313,90"
07/11/2024,ATTIJARIWAFA BANK,ATW,"548,00","565,00","570,00","547,50",73 812,"41 419 473,10",166,"121 554 574 035,00"
05/11/2024,ATTIJARIWAFA BANK,ATW,"547,90","546,80","548,00","541,30",17 206,"9 400 928,80",44,"117 639 010 765,20"
04/11/2024,ATTIJARIWAFA BANK,ATW,"548,00","548,00","548,00","541,00",16 041,"8 766 801,90",69,"117 897 179 772,00"
01/11/2024,ATTIJARIWAFA BANK,ATW,"544,00","549,90","549,90","540,10",59 215,"32 373 387,10",71,"118 305 947 366,10"
31/10/2024,ATTIJARIWAFA BANK,ATW,"541,00","541,10","542,10","539,00",36 748,"19 879 227,90",30,"116 412 707 982,90"
30/10/2024,ATTIJARIWAFA BANK,ATW,"541,00","542,10","548,00","541,00",6 145,"3 341 093,10",26,"116 627 848 821,90"
29/10/2024,ATTIJARIWAFA BANK,ATW,"540,10","545,00","545,00","540,10",16 655,"9 059 629,00",41,"117 251 757 255,00"
28/10/2024,ATTIJARIWAFA BANK,ATW,"545,00","545,00","547,50","538,00",84 831,"45 971 106,90",49,"117 251 757 255,00"
25/10/2024,ATTIJARIWAFA BANK,ATW,"539,00","545,00","545,00","539,00",104 034,"56 649 033,20",47,"117 251 757 255,00"
24/10/2024,ATTIJARIWAFA BANK,ATW,"543,90","540,00","543,90","538,00",38 066,"20 563 420,90",31,"116 176 053 060,00"
23/10/2024,ATTIJARIWAFA BANK,ATW,"535,00","536,00","538,80","534,00",16 924,"9 072 589,20",44,"115 315 489 704,00"
22/10/2024,ATTIJARIWAFA BANK,ATW,"534,10","538,90","539,00","534,10",658,"352 559,60",18,"115 939 398 137,10"
21/10/2024,ATTIJARIWAFA BANK,ATW,"534,00","538,00","538,00","534,00",6 056,"3 253 036,50",20,"115 745 771 382,00"
18/10/2024,ATTIJARIWAFA BANK,ATW,"543,00","538,00","543,00","530,10",17 441,"9 402 581,40",49,"115 745 771 382,00"
17/10/2024,ATTIJARIWAFA BANK,ATW,"534,00","539,90","543,00","534,00",18 705,"10 056 213,10",59,"116 154 538 976,10"
16/10/2024,ATTIJARIWAFA BANK,ATW,"534,00","533,00","536,90","530,30",36 240,"19 324 632,20",69,"114 670 067 187,00"
15/10/2024,ATTIJARIWAFA BANK,ATW,"534,00","536,00","538,00","534,00",30 309,"16 191 518,30",68,"115 315 489 704,00"
14/10/2024,ATTIJARIWAFA BANK,ATW,"538,00","535,00","538,00","531,00",4 389,"2 348 327,00",27,"115 100 348 865,00"
11/10/2024,ATTIJARIWAFA BANK,ATW,"533,00","538,00","538,00","533,00",62 083,"33 256 287,50",35,"115 745 771 382,00"
10/10/2024,ATTIJARIWAFA BANK,ATW,"532,80","535,00","540,00","532,80",9 289,"4 968 397,60",36,"115 100 348 865,00"
09/10/2024,ATTIJARIWAFA BANK,ATW,"525,00","540,00","540,00","525,00",31 011,"16 594 298,30",67,"116 176 053 060,00"
08/10/2024,ATTIJARIWAFA BANK,ATW,"531,00","525,00","531,00","524,00",70 663,"37 111 755,70",120,"112 948 940 475,00"
07/10/2024,ATTIJARIWAFA BANK,ATW,"538,00","530,00","539,00","530,00",45 790,"24 442 357,80",56,"114 024 644 670,00"
04/10/2024,ATTIJARIWAFA BANK,ATW,"537,00","538,00","540,00","536,10",20 196,"10 847 353,50",39,"115 745 771 382,00"
03/10/2024,ATTIJARIWAFA BANK,ATW,"533,20","537,00","540,00","533,20",29 077,"15 636 557,60",49,"115 530 630 543,00"
02/10/2024,ATTIJARIWAFA BANK,ATW,"544,00","537,00","544,00","535,00",91 001,"49 031 240,60",78,"115 530 630 543,00"
01/10/2024,ATTIJARIWAFA BANK,ATW,"550,00","544,00","550,00","541,00",37 648,"20 483 765,10",38,"117 036 616 416,00"
30/09/2024,ATTIJARIWAFA BANK,ATW,"548,00","543,00","555,00","542,10",34 251,"18 651 497,20",86,"116 821 475 577,00"
27/09/2024,ATTIJARIWAFA BANK,ATW,"546,00","555,00","555,00","545,20",154 888,"85 483 912,50",90,"119 403 165 645,00"
26/09/2024,ATTIJARIWAFA BANK,ATW,"548,00","550,00","550,00","546,00",25 732,"14 129 612,80",60,"118 327 461 450,00"
25/09/2024,ATTIJARIWAFA BANK,ATW,"547,00","550,00","558,90","547,00",218 367,"120 119 820,70",85,"118 327 461 450,00"
24/09/2024,ATTIJARIWAFA BANK,ATW,"555,00","546,90","564,90","546,00",181 993,"100 631 931,70",200,"117 660 524 849,10"
23/09/2024,ATTIJARIWAFA BANK,ATW,"546,10","549,70","550,00","546,10",19 806,"10 875 600,70",46,"118 262 919 198,30"
20/09/2024,ATTIJARIWAFA BANK,ATW,"553,00","549,70","554,90","547,00",51 560,"28 356 446,30",48,"118 262 919 198,30"
19/09/2024,ATTIJARIWAFA BANK,ATW,"545,00","549,50","550,00","545,00",97 885,"53 444 387,80",99,"118 219 891 030,50"
18/09/2024,ATTIJARIWAFA BANK,ATW,"539,00","540,20","540,20","535,10",50 120,"27 037 368,10",50,"116 219 081 227,80"
13/09/2024,ATTIJARIWAFA BANK,ATW,"533,60","539,50","539,50","532,40",74 471,"40 039 170,70",52,"116 068 482 640,50"
12/09/2024,ATTIJARIWAFA BANK,ATW,"538,00","534,00","538,00","532,60",24 413,"13 036 684,50",46,"114 885 208 026,00"
11/09/2024,ATTIJARIWAFA BANK,ATW,"536,90","534,00","536,90","531,00",43 902,"23 443 741,00",54,"114 885 208 026,00"
10/09/2024,ATTIJARIWAFA BANK,ATW,"535,30","536,00","538,80","535,30",30 530,"16 363 641,30",36,"115 315 489 704,00"
09/09/2024,ATTIJARIWAFA BANK,ATW,"538,00","536,90","539,90","535,10",13 911,"7 468 011,80",71,"115 509 116 459,10"
06/09/2024,ATTIJARIWAFA BANK,ATW,"539,70","538,20","541,00","535,10",44 936,"24 186 637,30",56,"115 788 799 549,80"
05/09/2024,ATTIJARIWAFA BANK,ATW,"535,00","536,10","540,00","534,20",39 702,"21 314 794,80",54,"115 337 003 787,90"
04/09/2024,ATTIJARIWAFA BANK,ATW,"541,00","535,50","541,00","535,00",4 316,"2 312 586,00",49,"115 207 919 284,50"
03/09/2024,ATTIJARIWAFA BANK,ATW,"539,00","538,00","544,80","537,60",55 365,"29 829 292,50",57,"115 745 771 382,00"
02/09/2024,ATTIJARIWAFA BANK,ATW,"544,90","540,00","544,90","537,00",15 525,"8 382 973,50",43,"116 176 053 060,00"
30/08/2024,ATTIJARIWAFA BANK,ATW,"537,00","544,80","545,00","537,00",59 305,"32 257 859,80",83,"117 208 729 087,20"
29/08/2024,ATTIJARIWAFA BANK,ATW,"537,00","537,00","539,90","537,00",428 185,"230 295 052,90",97,"115 530 630 543,00"
28/08/2024,ATTIJARIWAFA BANK,ATW,"541,90","535,00","541,90","535,00",27 050,"14 487 542,30",62,"115 100 348 865,00"
27/08/2024,ATTIJARIWAFA BANK,ATW,"540,40","535,00","544,00","535,00",77 829,"41 947 277,70",128,"115 100 348 865,00"
26/08/2024,ATTIJARIWAFA BANK,ATW,"543,00","541,60","546,90","541,60",6 754,"3 660 984,20",58,"116 520 278 402,40"
23/08/2024,ATTIJARIWAFA BANK,ATW,"544,00","544,00","547,00","544,00",19 169,"10 432 637,40",47,"117 036 616 416,00"
22/08/2024,ATTIJARIWAFA BANK,ATW,"543,20","543,30","548,00","543,20",25 943,"14 123 876,30",48,"116 886 017 828,70"
19/08/2024,ATTIJARIWAFA BANK,ATW,"548,00","543,20","548,00","542,00",23 110,"12 536 447,20",36,"116 864 503 744,80"
16/08/2024,ATTIJARIWAFA BANK,ATW,"539,20","541,40","544,90","539,20",20 377,"11 029 191,70",40,"116 477 250 234,60"
15/08/2024,ATTIJARIWAFA BANK,ATW,"539,00","544,40","544,40","538,10",21 212,"11 471 403,40",29,"117 122 672 751,60"
13/08/2024,ATTIJARIWAFA BANK,ATW,"538,50","540,00","543,00","538,30",24 191,"13 072 118,10",37,"116 176 053 060,00"
12/08/2024,ATTIJARIWAFA BANK,ATW,"538,00","540,00","546,00","538,00",19 305,"10 422 427,90",46,"116 176 053 060,00"
09/08/2024,ATTIJARIWAFA BANK,ATW,"537,10","541,00","541,50","537,10",36 241,"19 550 061,80",38,"116 391 193 899,00"
08/08/2024,ATTIJARIWAFA BANK,ATW,"541,20","537,00","542,00","537,00",18 470,"9 992 885,30",31,"115 530 630 543,00"
07/08/2024,ATTIJARIWAFA BANK,ATW,"545,00","541,10","545,00","540,10",21 997,"11 899 492,40",53,"116 412 707 982,90"
06/08/2024,ATTIJARIWAFA BANK,ATW,"534,20","545,00","545,00","534,20",63 652,"34 440 775,40",73,"117 251 757 255,00"
05/08/2024,ATTIJARIWAFA BANK,ATW,"547,60","535,50","553,00","532,00",72 103,"38 812 461,40",130,"115 207 919 284,50"
02/08/2024,ATTIJARIWAFA BANK,ATW,"547,00","554,10","557,00","546,00",117 724,"65 110 561,40",62,"119 209 538 889,90"
01/08/2024,ATTIJARIWAFA BANK,ATW,"546,10","554,00","555,00","546,00",14 130,"7 774 672,60",50,"119 188 024 806,00"
31/07/2024,ATTIJARIWAFA BANK,ATW,"554,00","555,00","575,00","551,30",38 036,"21 161 065,50",113,"119 403 165 645,00"
29/07/2024,ATTIJARIWAFA BANK,ATW,"545,00","555,00","555,00","540,00",24 093,"13 233 023,00",119,"119 403 165 645,00"
26/07/2024,ATTIJARIWAFA BANK,ATW,"530,00","540,00","543,00","530,00",127 055,"68 496 854,40",193,"116 176 053 060,00"
25/07/2024,ATTIJARIWAFA BANK,ATW,"520,50","529,00","529,00","505,00",49 135,"25 812 522,90",95,"113 809 503 831,00"
24/07/2024,ATTIJARIWAFA BANK,ATW,"521,20","523,00","528,00","520,00",31 225,"16 404 693,10",51,"112 518 658 797,00"
23/07/2024,ATTIJARIWAFA BANK,ATW,"520,00","520,50","525,00","519,20",17 502,"9 111 609,60",84,"111 980 806 699,50"
22/07/2024,ATTIJARIWAFA BANK,ATW,"523,00","520,20","526,00","520,10",6 789,"3 535 905,00",47,"111 916 264 447,80"
19/07/2024,ATTIJARIWAFA BANK,ATW,"521,00","527,80","530,00","521,00",54 903,"28 842 259,20",73,"113 551 334 824,20"
18/07/2024,ATTIJARIWAFA BANK,ATW,"515,00","523,10","527,00","515,00",10 686,"5 588 452,90",45,"112 540 172 880,90"
17/07/2024,ATTIJARIWAFA BANK,ATW,"515,00","523,00","523,00","515,00",191 166,"99 200 854,60",75,"112 518 658 797,00"
16/07/2024,ATTIJARIWAFA BANK,ATW,"513,10","515,00","518,00","513,10",29 814,"15 349 393,40",34,"110 797 532 085,00"
15/07/2024,ATTIJARIWAFA BANK,ATW,"511,00","515,00","519,00","510,20",2 613,"1 342 630,50",18,"110 797 532 085,00"
12/07/2024,ATTIJARIWAFA BANK,ATW,"506,00","519,70","519,70","506,00",40 153,"20 701 258,00",64,"111 808 694 028,30"
11/07/2024,ATTIJARIWAFA BANK,ATW,"517,50","513,00","517,60","510,00",10 213,"5 239 415,40",29,"110 367 250 407,00"
10/07/2024,ATTIJARIWAFA BANK,ATW,"525,40","512,10","525,40","511,10",50 691,"26 130 884,50",60,"110 173 623 651,90"
09/07/2024,ATTIJARIWAFA BANK,ATW,"530,00","532,00","532,00","526,00",29 017,"15 363 985,30",52,"114 454 926 348,00"
08/07/2024,ATTIJARIWAFA BANK,ATW,"521,00","526,00","526,00","520,40",4 901,"2 560 202,20",34,"113 164 081 314,00"
05/07/2024,ATTIJARIWAFA BANK,ATW,"518,00","525,10","525,10","518,00",50 678,"26 402 602,80",70,"112 970 454 558,90"
04/07/2024,ATTIJARIWAFA BANK,ATW,"512,20","524,00","525,00","512,20",46 526,"24 341 660,10",63,"112 733 799 636,00"
03/07/2024,ATTIJARIWAFA BANK,ATW,"511,10","515,10","515,10","511,10",33 713,"17 331 354,10",46,"110 819 046 168,90"
02/07/2024,ATTIJARIWAFA BANK,ATW,"513,00","513,00","514,00","512,00",20 325,"10 426 260,40",41,"110 367 250 407,00"
01/07/2024,ATTIJARIWAFA BANK,ATW,"511,50","515,00","515,50","511,50",16 252,"8 351 606,00",31,"110 797 532 085,00"
28/06/2024,ATTIJARIWAFA BANK,ATW,"514,90","515,50","515,50","512,00",21 849,"11 250 272,10",34,"110 905 102 504,50"
27/06/2024,ATTIJARIWAFA BANK,ATW,"515,00","515,00","516,00","511,30",11 904,"6 129 800,10",21,"110 797 532 085,00"
26/06/2024,ATTIJARIWAFA BANK,ATW,"519,00","518,00","519,00","515,00",23 607,"12 225 998,40",29,"111 442 954 602,00"
25/06/2024,ATTIJARIWAFA BANK,ATW,"509,00","518,20","526,00","508,30",60 302,"31 278 136,70",103,"111 485 982 769,80"
24/06/2024,ATTIJARIWAFA BANK,ATW,"508,50","510,00","510,00","508,50",32 813,"16 734 497,00",33,"109 721 827 890,00"
21/06/2024,ATTIJARIWAFA BANK,ATW,"508,30","510,00","510,00","508,30",14 452,"7 368 454,80",14,"109 721 827 890,00"
20/06/2024,ATTIJARIWAFA BANK,ATW,"509,10","509,20","509,20","508,30",55 353,"28 185 375,20",51,"109 549 715 218,80"
19/06/2024,ATTIJARIWAFA BANK,ATW,"510,00","509,20","512,00","508,70",32 886,"16 762 079,20",40,"109 549 715 218,80"
14/06/2024,ATTIJARIWAFA BANK,ATW,"508,90","509,00","510,00","508,30",47 520,"24 213 934,40",36,"109 506 687 051,00"
13/06/2024,ATTIJARIWAFA BANK,ATW,"508,50","508,90","509,50","508,00",40 059,"20 401 952,80",52,"109 485 172 967,10"
12/06/2024,ATTIJARIWAFA BANK,ATW,"510,00","508,50","510,00","508,00",14 598,"7 443 771,60",28,"109 399 116 631,50"
11/06/2024,ATTIJARIWAFA BANK,ATW,"509,00","509,00","515,00","508,30",29 777,"15 157 166,40",38,"109 506 687 051,00"
10/06/2024,ATTIJARIWAFA BANK,ATW,"515,00","509,00","515,00","508,20",41 778,"21 290 268,80",40,"109 506 687 051,00"
07/06/2024,ATTIJARIWAFA BANK,ATW,"515,00","511,10","515,00","508,10",36 412,"18 660 498,20",40,"109 958 482 812,90"
06/06/2024,ATTIJARIWAFA BANK,ATW,"511,00","512,20","512,20","510,00",18 581,"9 505 589,90",37,"110 195 137 735,80"
05/06/2024,ATTIJARIWAFA BANK,ATW,"510,00","511,00","512,00","509,00",24 287,"12 409 227,00",22,"109 936 968 729,00"
04/06/2024,ATTIJARIWAFA BANK,ATW,"516,00","512,00","516,00","512,00",96 995,"49 794 524,00",68,"110 152 109 568,00"
03/06/2024,ATTIJARIWAFA BANK,ATW,"511,00","515,00","518,00","511,00",54 358,"27 982 678,60",55,"110 797 532 085,00"
31/05/2024,ATTIJARIWAFA BANK,ATW,"513,00","515,00","516,90","510,00",125 540,"64 570 497,20",60,"110 797 532 085,00"
30/05/2024,ATTIJARIWAFA BANK,ATW,"519,00","512,00","519,00","512,00",17 024,"8 736 517,00",46,"110 152 109 568,00"
29/05/2024,ATTIJARIWAFA BANK,ATW,"507,10","515,50","522,00","507,10",159 392,"82 432 992,10",126,"110 905 102 504,50"
28/05/2024,ATTIJARIWAFA BANK,ATW,"508,00","514,00","515,00","506,90",69 813,"35 460 749,90",37,"110 582 391 246,00"
27/05/2024,ATTIJARIWAFA BANK,ATW,"508,00","506,90","510,00","506,10",21 502,"10 904 464,50",62,"109 054 891 289,10"
24/05/2024,ATTIJARIWAFA BANK,ATW,"510,00","508,10","514,00","508,10",25 574,"13 031 977,70",34,"109 313 060 295,90"
23/05/2024,ATTIJARIWAFA BANK,ATW,"514,00","510,50","519,00","510,00",5 846,"3 003 886,00",31,"109 829 398 309,50"
22/05/2024,ATTIJARIWAFA BANK,ATW,"508,00","514,90","514,90","508,00",70 370,"35 940 099,80",50,"110 776 018 001,10"
21/05/2024,ATTIJARIWAFA BANK,ATW,"510,00","507,80","510,00","506,50",77 870,"39 534 615,20",25,"109 248 518 044,20"
20/05/2024,ATTIJARIWAFA BANK,ATW,"506,10","507,70","510,00","506,10",46 720,"23 735 393,30",40,"109 227 003 960,30"
17/05/2024,ATTIJARIWAFA BANK,ATW,"509,50","508,50","509,50","508,50",15 403,"7 832 935,30",31,"109 399 116 631,50"
16/05/2024,ATTIJARIWAFA BANK,ATW,"508,30","508,40","512,00","508,20",43 970,"22 415 467,80",42,"109 377 602 547,60"
15/05/2024,ATTIJARIWAFA BANK,ATW,"510,20","510,00","510,60","510,00",55 645,"28 405 407,40",23,"109 721 827 890,00"
14/05/2024,ATTIJARIWAFA BANK,ATW,"513,80","513,00","514,00","508,20",24 775,"12 696 844,70",29,"110 367 250 407,00"
13/05/2024,ATTIJARIWAFA BANK,ATW,"515,00","513,80","515,00","513,00",27 782,"14 263 143,60",23,"110 539 363 078,20"
10/05/2024,ATTIJARIWAFA BANK,ATW,"517,40","513,00","519,90","513,00",30 351,"15 653 469,20",100,"110 367 250 407,00"
09/05/2024,ATTIJARIWAFA BANK,ATW,"510,20","517,70","519,00","510,20",29 298,"15 057 714,60",95,"111 378 412 350,30"
08/05/2024,ATTIJARIWAFA BANK,ATW,"510,00","512,10","513,00","510,00",58 393,"29 887 604,10",67,"110 173 623 651,90"
07/05/2024,ATTIJARIWAFA BANK,ATW,"502,00","509,60","509,60","502,00",57 266,"29 071 166,20",56,"109 635 771 554,40"
06/05/2024,ATTIJARIWAFA BANK,ATW,"503,00","505,00","508,00","503,00",8 812,"4 448 310,60",21,"108 646 123 695,00"
03/05/2024,ATTIJARIWAFA BANK,ATW,"505,00","508,90","508,90","501,10",21 936,"11 157 341,90",28,"109 485 172 967,10"
02/05/2024,ATTIJARIWAFA BANK,ATW,"504,90","501,90","504,90","501,70",30 003,"15 058 571,20",35,"107 979 187 094,10"
30/04/2024,ATTIJARIWAFA BANK,ATW,"499,40","501,60","505,00","499,40",99 096,"49 804 251,60",47,"107 914 644 842,40"
29/04/2024,ATTIJARIWAFA BANK,ATW,"507,00","502,00","507,00","498,60",8 822,"4 428 773,80",26,"108 000 701 178,00"
26/04/2024,ATTIJARIWAFA BANK,ATW,"504,00","505,00","507,00","497,00",95 963,"48 414 795,85",49,"108 646 123 695,00"
25/04/2024,ATTIJARIWAFA BANK,ATW,"503,90","503,00","503,90","498,10",27 183,"13 645 893,70",30,"108 215 842 017,00"
24/04/2024,ATTIJARIWAFA BANK,ATW,"500,00","502,00","502,90","497,00",10 984,"5 501 802,30",43,"108 000 701 178,00"
23/04/2024,ATTIJARIWAFA BANK,ATW,"503,10","500,60","503,10","500,00",59 647,"29 863 472,40",65,"107 699 504 003,40"
22/04/2024,ATTIJARIWAFA BANK,ATW,"505,00","504,00","505,00","504,00",30 530,"15 411 898,30",48,"108 430 982 856,00"
19/04/2024,ATTIJARIWAFA BANK,ATW,"505,00","505,00","506,00","504,00",46 465,"23 492 183,00",37,"108 646 123 695,00"
18/04/2024,ATTIJARIWAFA BANK,ATW,"506,00","506,00","509,40","504,00",103 804,"52 581 367,90",76,"108 861 264 534,00"
17/04/2024,ATTIJARIWAFA BANK,ATW,"505,00","506,10","506,10","505,00",24 618,"12 442 474,20",55,"108 882 778 617,90"
16/04/2024,ATTIJARIWAFA BANK,ATW,"505,70","505,10","507,00","505,00",22 626,"11 442 865,50",81,"108 667 637 778,90"
15/04/2024,ATTIJARIWAFA BANK,ATW,"509,00","505,70","509,00","505,00",39 972,"20 223 554,50",62,"108 796 722 282,30"
09/04/2024,ATTIJARIWAFA BANK,ATW,"507,00","509,00","512,00","505,00",48 618,"24 729 194,50",91,"109 506 687 051,00"
08/04/2024,ATTIJARIWAFA BANK,ATW,"505,00","507,00","509,00","505,00",20 318,"10 267 203,90",61,"109 076 405 373,00"
05/04/2024,ATTIJARIWAFA BANK,ATW,"504,10","505,00","507,00","504,10",18 723,"9 454 576,90",25,"108 646 123 695,00"
04/04/2024,ATTIJARIWAFA BANK,ATW,"505,00","507,00","507,00","504,10",9 880,"5 004 811,80",23,"109 076 405 373,00"
03/04/2024,ATTIJARIWAFA BANK,ATW,"504,10","507,40","509,90","504,00",28 285,"14 343 845,70",75,"109 162 461 708,60"
02/04/2024,ATTIJARIWAFA BANK,ATW,"505,00","504,10","505,00","501,20",17 203,"8 654 014,70",34,"108 452 496 939,90"
01/04/2024,ATTIJARIWAFA BANK,ATW,"505,00","504,00","507,00","504,00",22 297,"11 267 658,80",42,"108 430 982 856,00"
29/03/2024,ATTIJARIWAFA BANK,ATW,"504,10","507,90","507,90","504,10",34 590,"17 534 991,90",34,"109 270 032 128,10"
28/03/2024,ATTIJARIWAFA BANK,ATW,"504,00","508,00","508,00","504,00",8 613,"4 367 819,30",27,"109 291 546 212,00"
27/03/2024,ATTIJARIWAFA BANK,ATW,"502,30","506,90","507,00","502,30",44 583,"22 560 369,10",38,"109 054 891 289,10"
26/03/2024,ATTIJARIWAFA BANK,ATW,"502,50","503,50","503,50","502,00",5 744,"2 887 008,90",26,"108 323 412 436,50"
25/03/2024,ATTIJARIWAFA BANK,ATW,"504,00","502,00","505,00","500,20",8 460,"4 243 787,00",29,"108 000 701 178,00"
22/03/2024,ATTIJARIWAFA BANK,ATW,"504,10","504,70","505,50","504,10",30 239,"15 272 520,30",33,"108 581 581 443,30"
21/03/2024,ATTIJARIWAFA BANK,ATW,"503,50","504,60","507,00","503,50",5 038,"2 540 952,90",22,"108 560 067 359,40"
20/03/2024,ATTIJARIWAFA BANK,ATW,"503,00","503,60","506,90","503,00",2 526,"1 271 265,20",26,"108 344 926 520,40"
19/03/2024,ATTIJARIWAFA BANK,ATW,"507,60","507,00","509,00","495,10",38 276,"19 388 702,80",45,"109 076 405 373,00"
18/03/2024,ATTIJARIWAFA BANK,ATW,"506,60","510,00","514,00","506,60",80 941,"41 434 252,50",83,"109 721 827 890,00"
15/03/2024,ATTIJARIWAFA BANK,ATW,"508,80","514,00","514,00","507,20",39 442,"20 152 335,50",106,"110 582 391 246,00"
14/03/2024,ATTIJARIWAFA BANK,ATW,"501,30","507,00","507,90","501,30",30 215,"15 251 286,30",50,"109 076 405 373,00"
13/03/2024,ATTIJARIWAFA BANK,ATW,"493,10","501,10","501,10","493,10",44 661,"22 246 187,90",65,"107 807 074 422,90"
12/03/2024,ATTIJARIWAFA BANK,ATW,"492,00","493,00","495,00","492,00",7 267,"3 576 427,40",28,"106 064 433 627,00"
11/03/2024,ATTIJARIWAFA BANK,ATW,"495,10","492,00","495,10","490,00",8 214,"4 038 011,90",67,"105 849 292 788,00"
08/03/2024,ATTIJARIWAFA BANK,ATW,"492,20","495,00","495,00","492,20",28 510,"14 098 472,05",48,"106 494 715 305,00"
07/03/2024,ATTIJARIWAFA BANK,ATW,"497,00","492,40","497,00","492,00",10 317,"5 091 683,05",50,"105 935 349 123,60"
06/03/2024,ATTIJARIWAFA BANK,ATW,"497,15","497,00","500,00","495,10",28 113,"14 005 268,15",75,"106 924 996 983,00"
05/03/2024,ATTIJARIWAFA BANK,ATW,"500,00","500,00","503,00","496,00",35 983,"18 024 504,90",87,"107 570 419 500,00"
04/03/2024,ATTIJARIWAFA BANK,ATW,"502,30","500,00","503,00","497,20",5 168,"2 585 245,10",50,"107 570 419 500,00"
01/03/2024,ATTIJARIWAFA BANK,ATW,"508,00","504,50","512,90","502,50",42 174,"21 314 695,30",94,"108 538 553 275,50"
29/02/2024,ATTIJARIWAFA BANK,ATW,"511,50","505,00","515,00","505,00",483 833,"247 111 572,50",114,"108 646 123 695,00"
28/02/2024,ATTIJARIWAFA BANK,ATW,"515,00","514,50","520,00","514,50",61 717,"31 872 611,80",172,"110 689 961 665,50"
27/02/2024,ATTIJARIWAFA BANK,ATW,"514,10","514,50","515,00","514,00",21 922,"11 276 066,30",56,"110 689 961 665,50"
26/02/2024,ATTIJARIWAFA BANK,ATW,"513,30","515,00","515,00","513,20",67 341,"34 636 528,20",86,"110 797 532 085,00"
23/02/2024,ATTIJARIWAFA BANK,ATW,"513,00","514,90","514,90","510,80",50 948,"26 134 445,60",102,"110 776 018 001,10"
22/02/2024,ATTIJARIWAFA BANK,ATW,"513,00","512,00","513,00","511,00",24 707,"12 642 383,70",79,"110 152 109 568,00"
21/02/2024,ATTIJARIWAFA BANK,ATW,"508,00","510,40","514,90","508,00",81 696,"41 661 079,70",198,"109 807 884 225,60"
20/02/2024,ATTIJARIWAFA BANK,ATW,"506,00","507,00","507,00","506,00",22 381,"11 333 020,10",80,"109 076 405 373,00"
19/02/2024,ATTIJARIWAFA BANK,ATW,"505,00","507,00","507,00","505,00",36 297,"18 356 493,70",114,"109 076 405 373,00"
16/02/2024,ATTIJARIWAFA BANK,ATW,"500,20","505,00","505,00","500,20",31 845,"16 030 591,50",100,"108 646 123 695,00"
15/02/2024,ATTIJARIWAFA BANK,ATW,"503,10","503,10","504,90","503,10",13 888,"6 993 050,00",61,"108 237 356 100,90"
14/02/2024,ATTIJARIWAFA BANK,ATW,"504,00","504,30","506,00","504,00",72 690,"36 660 497,50",188,"108 495 525 107,70"
13/02/2024,ATTIJARIWAFA BANK,ATW,"502,10","503,60","503,60","502,10",46 424,"23 347 723,80",126,"108 344 926 520,40"
12/02/2024,ATTIJARIWAFA BANK,ATW,"504,50","502,00","505,00","500,40",81 290,"40 847 026,30",160,"108 000 701 178,00"
09/02/2024,ATTIJARIWAFA BANK,ATW,"500,00","504,50","504,50","500,00",155 420,"78 080 199,20",325,"108 538 553 275,50"
08/02/2024,ATTIJARIWAFA BANK,ATW,"491,70","500,00","502,00","491,70",220 085,"109 612 484,50",270,"107 570 419 500,00"
07/02/2024,ATTIJARIWAFA BANK,ATW,"491,25","492,60","495,00","491,25",43 232,"21 321 224,85",152,"105 978 377 291,40"
06/02/2024,ATTIJARIWAFA BANK,ATW,"487,00","494,00","494,00","487,00",103 343,"50 636 940,65",226,"106 279 574 466,00"
05/02/2024,ATTIJARIWAFA BANK,ATW,"483,65","487,00","487,00","483,65",23 696,"11 505 105,85",81,"104 773 588 593,00"
02/02/2024,ATTIJARIWAFA BANK,ATW,"484,20","485,00","485,50","484,20",34 130,"16 550 433,95",73,"104 343 306 915,00"
01/02/2024,ATTIJARIWAFA BANK,ATW,"483,50","485,00","485,00","483,50",26 879,"13 019 581,35",74,"104 343 306 915,00"
31/01/2024,ATTIJARIWAFA BANK,ATW,"482,00","485,00","485,00","482,00",23 689,"11 462 156,20",95,"104 343 306 915,00"
30/01/2024,ATTIJARIWAFA BANK,ATW,"478,30","482,00","482,50","478,30",67 735,"32 619 015,50",82,"103 697 884 398,00"
29/01/2024,ATTIJARIWAFA BANK,ATW,"481,00","480,50","483,00","480,50",54 057,"26 021 584,75",87,"103 375 173 139,50"
26/01/2024,ATTIJARIWAFA BANK,ATW,"480,15","484,00","484,00","480,15",47 882,"23 042 481,00",68,"104 128 166 076,00"
25/01/2024,ATTIJARIWAFA BANK,ATW,"483,75","485,00","485,00","483,75",26 664,"12 909 978,50",78,"104 343 306 915,00"
24/01/2024,ATTIJARIWAFA BANK,ATW,"484,05","485,00","486,00","484,05",21 894,"10 614 372,40",94,"104 343 306 915,00"
23/01/2024,ATTIJARIWAFA BANK,ATW,"485,00","485,10","485,50","485,00",40 312,"19 555 365,80",83,"104 364 820 998,90"
22/01/2024,ATTIJARIWAFA BANK,ATW,"486,15","485,05","486,95","484,55",13 230,"6 425 841,35",75,"104 354 063 956,95"
19/01/2024,ATTIJARIWAFA BANK,ATW,"485,00","486,55","489,00","484,00",39 050,"18 986 976,70",120,"104 676 775 215,45"
18/01/2024,ATTIJARIWAFA BANK,ATW,"481,05","486,00","487,00","480,00",114 452,"55 563 576,40",217,"104 558 447 754,00"
17/01/2024,ATTIJARIWAFA BANK,ATW,"478,00","481,20","484,75","476,65",87 793,"42 169 855,00",251,"103 525 771 726,80"
16/01/2024,ATTIJARIWAFA BANK,ATW,"476,55","478,00","478,00","476,05",40 215,"19 186 141,90",152,"102 837 321 042,00"
15/01/2024,ATTIJARIWAFA BANK,ATW,"476,05","476,25","479,50","476,05",9 222,"4 393 771,35",68,"102 460 824 573,75"
12/01/2024,ATTIJARIWAFA BANK,ATW,"477,00","480,00","480,00","477,00",65 235,"31 252 647,65",280,"103 267 602 720,00"
10/01/2024,ATTIJARIWAFA BANK,ATW,"473,35","476,00","476,00","473,35",74 011,"35 190 443,60",167,"102 407 039 364,00"
09/01/2024,ATTIJARIWAFA BANK,ATW,"469,75","475,10","475,10","468,70",150 673,"71 385 015,80",287,"102 213 412 608,90"
08/01/2024,ATTIJARIWAFA BANK,ATW,"466,60","470,00","471,00","466,60",21 752,"10 203 296,95",160,"101 116 194 330,00"
05/01/2024,ATTIJARIWAFA BANK,ATW,"465,60","470,00","471,00","465,60",41 737,"19 571 190,50",243,"101 116 194 330,00"
04/01/2024,ATTIJARIWAFA BANK,ATW,"464,00","467,60","467,60","463,70",14 385,"6 701 485,85",113,"100 599 856 316,40"
03/01/2024,ATTIJARIWAFA BANK,ATW,"461,45","465,20","465,20","460,15",24 371,"11 294 790,60",136,"100 083 518 302,80"
02/01/2024,ATTIJARIWAFA BANK,ATW,"460,20","462,50","462,50","460,00",23 190,"10 678 888,20",83,"99 502 638 037,50"
29/12/2023,ATTIJARIWAFA BANK,ATW,"464,15","460,00","466,00","460,00",125 885,"57 994 850,15",189,"98 964 785 940,00"
28/12/2023,ATTIJARIWAFA BANK,ATW,"462,00","464,00","464,50","462,00",34 697,"16 073 865,15",210,"99 825 349 296,00"
27/12/2023,ATTIJARIWAFA BANK,ATW,"460,00","462,00","464,00","460,00",43 614,"20 095 544,70",377,"99 395 067 618,00"
26/12/2023,ATTIJARIWAFA BANK,ATW,"466,50","464,00","469,00","464,00",72 983,"34 025 577,55",44,"99 825 349 296,00"
25/12/2023,ATTIJARIWAFA BANK,ATW,"466,00","468,00","469,50","465,55",5 326,"2 489 012,60",25,"100 685 912 652,00"
22/12/2023,ATTIJARIWAFA BANK,ATW,"468,00","468,00","469,50","465,60",62 780,"29 382 389,40",51,"100 685 912 652,00"
21/12/2023,ATTIJARIWAFA BANK,ATW,"467,50","468,00","469,00","467,50",32 466,"15 193 446,00",39,"100 685 912 652,00"
20/12/2023,ATTIJARIWAFA BANK,ATW,"467,55","469,50","470,05","465,45",238 171,"111 743 426,80",75,"101 008 623 910,50"
19/12/2023,ATTIJARIWAFA BANK,ATW,"468,05","470,00","470,00","463,05",22 876,"10 741 713,00",73,"101 116 194 330,00"
18/12/2023,ATTIJARIWAFA BANK,ATW,"469,00","470,00","470,00","466,00",11 797,"5 535 271,55",77,"101 116 194 330,00"
15/12/2023,ATTIJARIWAFA BANK,ATW,"466,00","467,00","468,15","466,00",48 420,"22 597 960,70",53,"100 470 771 813,00"
14/12/2023,ATTIJARIWAFA BANK,ATW,"464,05","469,85","469,85","464,05",46 318,"21 601 431,00",53,"101 083 923 204,15"
13/12/2023,ATTIJARIWAFA BANK,ATW,"463,00","468,15","468,15","463,00",34 368,"16 025 817,55",46,"100 718 183 777,85"
12/12/2023,ATTIJARIWAFA BANK,ATW,"460,15","463,00","463,00","460,15",20 806,"9 594 718,30",23,"99 610 208 457,00"
11/12/2023,ATTIJARIWAFA BANK,ATW,"458,20","461,05","461,05","458,20",38 309,"17 642 299,10",37,"99 190 683 820,95"
08/12/2023,ATTIJARIWAFA BANK,ATW,"457,05","462,35","462,35","457,05",50 900,"23 447 849,05",56,"99 470 366 911,65"
07/12/2023,ATTIJARIWAFA BANK,ATW,"459,00","461,00","461,00","455,00",59 034,"27 052 781,40",40,"99 179 926 779,00"
06/12/2023,ATTIJARIWAFA BANK,ATW,"459,00","458,00","461,00","450,00",113 659,"52 100 388,95",71,"98 534 504 262,00"
05/12/2023,ATTIJARIWAFA BANK,ATW,"450,05","458,00","460,00","450,00",41 102,"18 826 147,50",35,"98 534 504 262,00"
04/12/2023,ATTIJARIWAFA BANK,ATW,"462,00","455,80","462,00","455,50",15 701,"7 197 287,05",20,"98 061 194 416,20"
01/12/2023,ATTIJARIWAFA BANK,ATW,"456,50","458,00","460,90","456,00",160 145,"73 674 717,20",36,"98 534 504 262,00"
30/11/2023,ATTIJARIWAFA BANK,ATW,"459,90","458,00","459,90","456,05",96 369,"44 124 413,75",57,"98 534 504 262,00"
29/11/2023,ATTIJARIWAFA BANK,ATW,"460,05","459,05","463,00","458,00",88 934,"40 775 065,85",51,"98 760 402 142,95"
28/11/2023,ATTIJARIWAFA BANK,ATW,"457,00","457,35","460,00","456,20",118 100,"53 991 145,30",81,"98 394 662 716,65"
27/11/2023,ATTIJARIWAFA BANK,ATW,"459,00","460,00","465,00","459,00",27 378,"12 685 508,30",41,"98 964 785 940,00"
24/11/2023,ATTIJARIWAFA BANK,ATW,"463,10","467,30","469,80","463,10",59 742,"27 899 196,70",26,"100 535 314 064,70"
23/11/2023,ATTIJARIWAFA BANK,ATW,"464,00","466,00","470,00","464,00",7 542,"3 525 953,35",46,"100 255 630 974,00"
22/11/2023,ATTIJARIWAFA BANK,ATW,"469,25","469,15","472,00","469,15",29 387,"13 824 153,25",55,"100 933 324 616,85"
21/11/2023,ATTIJARIWAFA BANK,ATW,"470,00","470,00","472,00","470,00",1 426 843,"671 397 434,50",48,"101 116 194 330,00"
20/11/2023,ATTIJARIWAFA BANK,ATW,"468,00","470,00","470,00","468,00",49 050,"22 994 095,45",92,"101 116 194 330,00"
17/11/2023,ATTIJARIWAFA BANK,ATW,"460,05","467,00","467,00","460,05",16 343,"7 546 649,80",37,"100 470 771 813,00"
16/11/2023,ATTIJARIWAFA BANK,ATW,"456,30","465,00","465,00","456,30",3 060,"1 420 242,30",22,"100 040 490 135,00"
15/11/2023,ATTIJARIWAFA BANK,ATW,"456,10","460,00","460,00","456,10",12 875,"5 919 084,35",20,"98 964 785 940,00"
14/11/2023,ATTIJARIWAFA BANK,ATW,"456,00","460,00","460,00","456,00",6 277,"2 875 084,10",41,"98 964 785 940,00"
13/11/2023,ATTIJARIWAFA BANK,ATW,"456,10","458,35","458,35","455,25",4 408,"2 011 696,90",28,"98 609 803 555,65"
10/11/2023,ATTIJARIWAFA BANK,ATW,"457,50","458,00","459,00","457,35",97 980,"44 874 354,50",48,"98 534 504 262,00"
09/11/2023,ATTIJARIWAFA BANK,ATW,"456,15","460,00","462,00","456,15",51 279,"23 591 475,05",17,"98 964 785 940,00"
08/11/2023,ATTIJARIWAFA BANK,ATW,"463,00","463,00","463,00","460,05",9 399,"4 348 922,60",21,"99 610 208 457,00"
07/11/2023,ATTIJARIWAFA BANK,ATW,"457,10","463,00","463,00","457,10",526,"243 075,00",14,"99 610 208 457,00"
03/11/2023,ATTIJARIWAFA BANK,ATW,"457,10","460,00","465,00","455,15",9 458,"4 347 074,45",30,"98 964 785 940,00"
02/11/2023,ATTIJARIWAFA BANK,ATW,"456,00","461,10","464,00","455,05",10 970,"5 051 099,60",36,"99 201 440 862,90"
01/11/2023,ATTIJARIWAFA BANK,ATW,"454,25","465,00","465,00","452,00",3 265,"1 499 577,65",42,"100 040 490 135,00"
31/10/2023,ATTIJARIWAFA BANK,ATW,"452,10","464,15","464,15","452,10",37 666,"17 274 502,65",38,"99 857 620 421,85"
30/10/2023,ATTIJARIWAFA BANK,ATW,"455,30","453,00","458,00","452,15",4 672,"2 116 000,00",37,"97 458 800 067,00"
27/10/2023,ATTIJARIWAFA BANK,ATW,"461,00","463,00","463,00","461,00",24 343,"11 265 119,95",40,"99 610 208 457,00"
26/10/2023,ATTIJARIWAFA BANK,ATW,"466,00","465,00","468,65","465,00",16 434,"7 646 380,15",31,"100 040 490 135,00"
25/10/2023,ATTIJARIWAFA BANK,ATW,"467,05","466,10","469,00","466,00",17 951,"8 382 045,20",26,"100 277 145 057,90"
24/10/2023,ATTIJARIWAFA BANK,ATW,"467,10","467,05","470,00","467,00",64 495,"30 193 322,70",59,"100 481 528 854,95"
23/10/2023,ATTIJARIWAFA BANK,ATW,"467,50","470,00","470,00","467,20",29 917,"14 034 395,00",63,"101 116 194 330,00"
20/10/2023,ATTIJARIWAFA BANK,ATW,"468,20","470,00","470,00","467,25",101 389,"47 640 142,45",78,"101 116 194 330,00"
19/10/2023,ATTIJARIWAFA BANK,ATW,"468,10","470,00","471,00","467,10",36 036,"16 906 688,15",61,"101 116 194 330,00"
18/10/2023,ATTIJARIWAFA BANK,ATW,"469,95","470,00","470,00","466,75",119 061,"55 656 599,90",79,"101 116 194 330,00"
17/10/2023,ATTIJARIWAFA BANK,ATW,"467,10","468,05","469,80","467,00",37 746,"17 696 734,40",53,"100 696 669 693,95"
16/10/2023,ATTIJARIWAFA BANK,ATW,"468,10","468,30","470,00","463,35",26 651,"12 498 304,20",46,"100 750 454 903,70"
13/10/2023,ATTIJARIWAFA BANK,ATW,"466,00","472,00","472,00","466,00",33 809,"15 917 728,85",61,"101 546 476 008,00"
12/10/2023,ATTIJARIWAFA BANK,ATW,"463,10","470,00","470,00","463,10",34 630,"16 177 857,65",85,"101 116 194 330,00"
11/10/2023,ATTIJARIWAFA BANK,ATW,"463,15","470,00","470,00","452,50",22 047,"10 268 168,80",71,"101 116 194 330,00"
10/10/2023,ATTIJARIWAFA BANK,ATW,"462,55","465,00","465,00","462,55",29 287,"13 584 546,25",70,"100 040 490 135,00"
09/10/2023,ATTIJARIWAFA BANK,ATW,"465,00","465,00","469,80","462,10",44 523,"20 701 240,80",86,"100 040 490 135,00"
06/10/2023,ATTIJARIWAFA BANK,ATW,"479,95","472,00","480,00","463,00",332 156,"157 830 824,45",228,"101 546 476 008,00"
05/10/2023,ATTIJARIWAFA BANK,ATW,"474,00","474,00","474,00","474,00",182 829,"86 660 946,00",114,"101 976 757 686,00"
04/10/2023,ATTIJARIWAFA BANK,ATW,"447,50","447,20","451,00","447,00",3 559,"1 591 776,10",26,"96 210 983 200,80"
03/10/2023,ATTIJARIWAFA BANK,ATW,"450,00","449,50","452,00","449,50",49 753,"22 475 041,00",43,"96 705 807 130,50"
02/10/2023,ATTIJARIWAFA BANK,ATW,"447,50","452,00","456,00","447,50",29 478,"13 317 969,25",35,"97 243 659 228,00"
27/09/2023,ATTIJARIWAFA BANK,ATW,"456,00","456,00","457,00","452,00",52 912,"24 124 135,70",48,"98 104 222 584,00"
26/09/2023,ATTIJARIWAFA BANK,ATW,"450,50","459,00","459,00","450,15",28 353,"12 918 708,00",92,"98 749 645 101,00"
25/09/2023,ATTIJARIWAFA BANK,ATW,"445,00","452,00","452,00","445,00",8 553,"3 843 009,00",44,"97 243 659 228,00"
22/09/2023,ATTIJARIWAFA BANK,ATW,"445,00","448,00","450,00","445,00",537 073,"241 650 824,70",34,"96 383 095 872,00"
21/09/2023,ATTIJARIWAFA BANK,ATW,"446,70","450,05","454,00","446,70",21 465,"9 638 304,55",48,"96 824 134 591,95"
20/09/2023,ATTIJARIWAFA BANK,ATW,"445,00","450,10","450,10","443,05",43 381,"19 371 326,35",60,"96 834 891 633,90"
19/09/2023,ATTIJARIWAFA BANK,ATW,"443,00","444,55","444,55","443,00",17 021,"7 557 522,65",40,"95 640 859 977,45"
18/09/2023,ATTIJARIWAFA BANK,ATW,"440,05","442,90","442,90","440,05",34 199,"15 106 989,45",18,"95 285 877 593,10"
15/09/2023,ATTIJARIWAFA BANK,ATW,"438,50","441,50","441,50","438,50",8 524,"3 759 904,00",8,"94 984 680 418,50"
14/09/2023,ATTIJARIWAFA BANK,ATW,"439,90","440,90","444,95","438,00",14 053,"6 185 580,00",24,"94 855 595 915,10"
13/09/2023,ATTIJARIWAFA BANK,ATW,"437,00","441,00","443,95","437,00",3 850,"1 693 711,40",18,"94 877 109 999,00"
12/09/2023,ATTIJARIWAFA BANK,ATW,"435,05","440,05","441,00","435,05",34 493,"15 160 176,10",25,"94 672 726 201,95"
11/09/2023,ATTIJARIWAFA BANK,ATW,"440,00","438,50","440,00","438,00",27 138,"11 927 424,30",47,"94 339 257 901,50"
08/09/2023,ATTIJARIWAFA BANK,ATW,"441,00","441,50","445,00","441,00",54 132,"23 959 170,25",89,"94 984 680 418,50"
07/09/2023,ATTIJARIWAFA BANK,ATW,"445,10","446,50","447,00","445,10",388 026,"173 432 227,70",40,"96 060 384 613,50"
06/09/2023,ATTIJARIWAFA BANK,ATW,"448,90","447,05","449,95","446,40",7 215,"3 225 467,75",47,"96 178 712 074,95"
05/09/2023,ATTIJARIWAFA BANK,ATW,"451,25","450,50","451,50","450,20",31 846,"14 351 808,20",68,"96 920 947 969,50"
04/09/2023,ATTIJARIWAFA BANK,ATW,"455,00","452,00","458,00","450,15",16 807,"7 588 440,20",52,"97 243 659 228,00"
01/09/2023,ATTIJARIWAFA BANK,ATW,"451,50","455,00","455,00","451,50",26 497,"12 039 129,90",63,"97 889 081 745,00"
31/08/2023,ATTIJARIWAFA BANK,ATW,"454,00","457,90","457,90","451,10",75 439,"34 471 723,70",85,"98 512 990 178,10"
30/08/2023,ATTIJARIWAFA BANK,ATW,"451,05","449,00","455,00","448,05",31 142,"14 127 254,05",69,"96 598 236 711,00"
29/08/2023,ATTIJARIWAFA BANK,ATW,"450,00","454,95","454,95","450,00",18 449,"8 336 137,70",44,"97 878 324 703,05"
28/08/2023,ATTIJARIWAFA BANK,ATW,"446,05","453,00","453,00","446,05",10 386,"4 678 972,30",46,"97 458 800 067,00"
25/08/2023,ATTIJARIWAFA BANK,ATW,"450,35","451,50","451,50","450,00",8 630,"3 889 432,35",45,"97 136 088 808,50"
24/08/2023,ATTIJARIWAFA BANK,ATW,"450,60","451,30","452,85","450,60",11 603,"5 233 986,75",43,"97 093 060 640,70"
23/08/2023,ATTIJARIWAFA BANK,ATW,"450,00","451,00","451,00","450,00",10 684,"4 815 189,60",65,"97 028 518 389,00"
22/08/2023,ATTIJARIWAFA BANK,ATW,"450,00","450,60","453,00","450,00",8 926,"4 020 931,95",39,"96 942 462 053,40"
18/08/2023,ATTIJARIWAFA BANK,ATW,"450,00","450,50","451,00","450,00",13 131,"5 912 449,10",40,"96 920 947 969,50"
17/08/2023,ATTIJARIWAFA BANK,ATW,"448,00","450,00","450,00","447,15",12 190,"5 482 454,85",30,"96 813 377 550,00"
16/08/2023,ATTIJARIWAFA BANK,ATW,"446,05","450,00","450,00","446,05",16 175,"7 245 039,30",68,"96 813 377 550,00"
15/08/2023,ATTIJARIWAFA BANK,ATW,"446,50","447,10","448,00","446,10",13 155,"5 879 800,50",29,"96 189 469 116,90"
11/08/2023,ATTIJARIWAFA BANK,ATW,"445,00","446,10","448,00","445,00",117 181,"52 263 018,10",21,"95 974 328 277,90"
10/08/2023,ATTIJARIWAFA BANK,ATW,"446,60","449,90","449,90","444,25",9 671,"4 339 959,90",44,"96 791 863 466,10"
09/08/2023,ATTIJARIWAFA BANK,ATW,"450,30","448,10","450,30","448,00",18 500,"8 297 211,95",42,"96 404 609 955,90"
08/08/2023,ATTIJARIWAFA BANK,ATW,"448,00","450,25","451,00","448,00",22 590,"10 151 465,90",54,"96 867 162 759,75"
07/08/2023,ATTIJARIWAFA BANK,ATW,"450,20","451,00","455,00","450,00",170 521,"77 398 088,80",41,"97 028 518 389,00"
04/08/2023,ATTIJARIWAFA BANK,ATW,"456,50","455,05","457,00","454,95",39 419,"17 948 976,10",50,"97 899 838 786,95"
03/08/2023,ATTIJARIWAFA BANK,ATW,"459,50","456,50","460,80","456,00",28 241,"12 964 202,60",40,"98 211 793 003,50"
02/08/2023,ATTIJARIWAFA BANK,ATW,"458,00","461,00","461,00","455,15",46 167,"21 164 232,35",88,"99 179 926 779,00"
01/08/2023,ATTIJARIWAFA BANK,ATW,"455,15","460,00","460,00","453,80",17 388,"7 950 511,75",93,"98 964 785 940,00"
31/07/2023,ATTIJARIWAFA BANK,ATW,"452,00","455,00","455,00","450,00",44 659,"20 215 059,90",86,"97 889 081 745,00"
28/07/2023,ATTIJARIWAFA BANK,ATW,"446,10","452,00","452,00","446,10",15 738,"7 092 958,00",63,"97 243 659 228,00"
27/07/2023,ATTIJARIWAFA BANK,ATW,"446,00","450,50","454,00","446,00",37 423,"16 828 867,45",118,"96 920 947 969,50"
26/07/2023,ATTIJARIWAFA BANK,ATW,"447,00","446,00","447,95","444,50",36 932,"16 475 646,45",60,"95 952 814 194,00"
25/07/2023,ATTIJARIWAFA BANK,ATW,"443,50","447,95","447,95","443,50",38 638,"17 296 307,85",80,"96 372 338 830,05"
24/07/2023,ATTIJARIWAFA BANK,ATW,"443,05","444,10","444,10","440,05",4 898,"2 162 816,05",25,"95 544 046 599,90"
21/07/2023,ATTIJARIWAFA BANK,ATW,"444,00","445,20","446,00","443,05",39 986,"17 784 040,00",73,"95 780 701 522,80"
20/07/2023,ATTIJARIWAFA BANK,ATW,"442,00","444,05","444,95","440,00",54 784,"24 312 460,80",62,"95 533 289 557,95"
18/07/2023,ATTIJARIWAFA BANK,ATW,"436,00","442,00","443,00","436,00",68 908,"30 310 557,65",67,"95 092 250 838,00"
17/07/2023,ATTIJARIWAFA BANK,ATW,"437,00","438,05","438,05","435,20",41 641,"18 229 836,35",36,"94 242 444 523,95"
14/07/2023,ATTIJARIWAFA BANK,ATW,"435,00","437,15","437,15","435,00",27 238,"11 876 281,45",26,"94 048 817 768,85"
13/07/2023,ATTIJARIWAFA BANK,ATW,"435,00","435,00","437,00","432,50",23 398,"10 177 155,70",37,"93 586 264 965,00"
12/07/2023,ATTIJARIWAFA BANK,ATW,"430,70","435,50","435,60","430,70",35 104,"15 243 556,10",32,"93 693 835 384,50"
11/07/2023,ATTIJARIWAFA BANK,ATW,"430,30","433,00","434,50","430,30",12 224,"5 270 606,65",21,"93 155 983 287,00"
10/07/2023,ATTIJARIWAFA BANK,ATW,"431,50","433,00","434,90","431,10",10 291,"4 446 350,75",29,"93 155 983 287,00"
07/07/2023,ATTIJARIWAFA BANK,ATW,"436,00","433,00","437,45","431,00",17 712,"7 669 605,05",34,"93 155 983 287,00"
06/07/2023,ATTIJARIWAFA BANK,ATW,"438,90","437,50","438,90","437,00",38 893,"17 015 693,00",35,"94 124 117 062,50"
05/07/2023,ATTIJARIWAFA BANK,ATW,"435,00","439,80","439,80","435,00",8 013,"3 508 669,50",32,"94 618 940 992,20"
04/07/2023,ATTIJARIWAFA BANK,ATW,"431,10","435,00","435,00","430,60",8 351,"3 599 291,75",44,"93 586 264 965,00"
03/07/2023,ATTIJARIWAFA BANK,ATW,"440,00","430,25","440,00","423,05",3 304,"1 429 180,85",47,"92 564 345 979,75"
28/06/2023,ATTIJARIWAFA BANK,ATW,"440,00","444,00","445,00","440,00",39 795,"17 650 683,75",71,"95 522 532 516,00"
27/06/2023,ATTIJARIWAFA BANK,ATW,"438,25","443,00","443,00","438,25",5 756,"2 542 966,05",27,"95 307 391 677,00"
26/06/2023,ATTIJARIWAFA BANK,ATW,"440,05","440,00","445,00","440,00",11 580,"5 096 093,80",41,"94 661 969 160,00"
23/06/2023,ATTIJARIWAFA BANK,ATW,"439,00","445,00","445,00","439,00",87 213,"38 753 617,05",44,"95 737 673 355,00"
22/06/2023,ATTIJARIWAFA BANK,ATW,"438,10","439,00","444,90","438,10",19 178,"8 431 245,95",61,"94 446 828 321,00"
21/06/2023,ATTIJARIWAFA BANK,ATW,"445,50","440,00","449,90","440,00",18 099,"7 993 965,55",100,"94 661 969 160,00"
20/06/2023,ATTIJARIWAFA BANK,ATW,"437,00","449,90","455,50","435,00",123 452,"55 665 207,10",177,"96 791 863 466,10"
19/06/2023,ATTIJARIWAFA BANK,ATW,"435,05","439,50","439,95","435,05",24 339,"10 636 371,75",54,"94 554 398 740,50"
16/06/2023,ATTIJARIWAFA BANK,ATW,"436,00","440,00","444,00","432,05",16 504,"7 249 473,45",63,"94 661 969 160,00"
15/06/2023,ATTIJARIWAFA BANK,ATW,"430,00","438,00","444,00","430,00",16 414,"7 212 322,30",89,"94 231 687 482,00"
14/06/2023,ATTIJARIWAFA BANK,ATW,"429,00","434,95","434,95","426,80",108 568,"46 752 686,25",73,"93 575 507 923,05"
13/06/2023,ATTIJARIWAFA BANK,ATW,"426,00","429,00","429,00","425,30",3 914,"1 666 872,40",28,"92 295 419 931,00"
12/06/2023,ATTIJARIWAFA BANK,ATW,"425,00","425,20","429,00","425,00",3 806,"1 618 250,90",25,"91 477 884 742,80"
09/06/2023,ATTIJARIWAFA BANK,ATW,"427,00","429,00","429,00","427,00",20 738,"8 863 926,00",40,"92 295 419 931,00"
08/06/2023,ATTIJARIWAFA BANK,ATW,"426,00","427,00","428,95","426,00",209,"89 110,45",12,"91 865 138 253,00"
07/06/2023,ATTIJARIWAFA BANK,ATW,"429,00","425,30","429,00","424,00",30 461,"12 957 879,75",37,"91 499 398 826,70"
06/06/2023,ATTIJARIWAFA BANK,ATW,"430,00","429,00","430,00","427,50",13 073,"5 608 384,80",32,"92 295 419 931,00"
05/06/2023,ATTIJARIWAFA BANK,ATW,"427,00","427,75","434,95","426,10",52 146,"22 656 547,55",37,"92 026 493 882,25"
02/06/2023,ATTIJARIWAFA BANK,ATW,"422,05","435,00","435,00","422,00",43 766,"18 762 801,75",84,"93 586 264 965,00"
01/06/2023,ATTIJARIWAFA BANK,ATW,"427,50","427,40","428,00","423,50",18 301,"7 821 195,30",35,"91 951 194 588,60"
31/05/2023,ATTIJARIWAFA BANK,ATW,"424,00","427,50","428,25","424,00",107 675,"46 030 892,60",51,"91 972 708 672,50"
30/05/2023,ATTIJARIWAFA BANK,ATW,"425,00","426,15","426,15","425,00",19 089,"8 116 928,95",76,"91 682 268 539,85"
29/05/2023,ATTIJARIWAFA BANK,ATW,"423,05","425,00","425,95","422,00",31 720,"13 479 786,40",23,"91 434 856 575,00"
26/05/2023,ATTIJARIWAFA BANK,ATW,"417,10","426,00","426,00","417,10",51 243,"21 673 766,10",52,"91 649 997 414,00"
25/05/2023,ATTIJARIWAFA BANK,ATW,"418,15","418,05","421,00","418,00",22 704,"9 494 425,10",57,"89 939 627 743,95"
24/05/2023,ATTIJARIWAFA BANK,ATW,"415,10","423,50","424,95","415,10",308 775,"130 729 004,50",142,"91 112 145 316,50"
23/05/2023,ATTIJARIWAFA BANK,ATW,"404,20","408,00","409,95","404,20",6 068,"2 476 201,75",15,"87 777 462 312,00"
22/05/2023,ATTIJARIWAFA BANK,ATW,"404,00","407,90","407,90","403,15",2 188,"886 265,50",11,"87 755 948 228,10"
19/05/2023,ATTIJARIWAFA BANK,ATW,"407,00","408,50","408,50","403,10",10 995,"4 490 321,80",15,"87 885 032 731,50"
18/05/2023,ATTIJARIWAFA BANK,ATW,"405,55","405,00","410,00","405,00",14 981,"6 078 031,90",26,"87 132 039 795,00"
17/05/2023,ATTIJARIWAFA BANK,ATW,"411,00","408,00","411,00","405,10",11 914,"4 861 184,70",27,"87 777 462 312,00"
16/05/2023,ATTIJARIWAFA BANK,ATW,"403,05","412,00","415,00","403,05",32 908,"13 525 644,55",66,"88 638 025 668,00"
15/05/2023,ATTIJARIWAFA BANK,ATW,"409,95","405,00","409,95","405,00",4 655,"1 889 377,50",27,"87 132 039 795,00"
12/05/2023,ATTIJARIWAFA BANK,ATW,"398,00","406,00","409,95","398,00",55 320,"22 426 228,65",51,"87 347 180 634,00"
11/05/2023,ATTIJARIWAFA BANK,ATW,"402,95","398,00","402,95","397,00",14 396,"5 726 994,55",20,"85 626 053 922,00"
10/05/2023,ATTIJARIWAFA BANK,ATW,"396,35","397,50","399,90","396,35",15 795,"6 285 527,00",34,"85 518 483 502,50"
09/05/2023,ATTIJARIWAFA BANK,ATW,"396,00","396,00","400,00","395,00",15 126,"6 002 322,25",40,"85 195 772 244,00"
08/05/2023,ATTIJARIWAFA BANK,ATW,"398,10","396,00","398,85","396,00",6 193,"2 458 533,75",42,"85 195 772 244,00"
05/05/2023,ATTIJARIWAFA BANK,ATW,"400,00","398,05","400,00","398,05",5 474,"2 181 671,45",7,"85 636 810 963,95"
04/05/2023,ATTIJARIWAFA BANK,ATW,"397,00","398,00","398,00","397,00",3 977,"1 581 738,00",26,"85 626 053 922,00"
03/05/2023,ATTIJARIWAFA BANK,ATW,"399,00","399,00","399,00","397,00",6 248,"2 489 307,00",34,"85 841 194 761,00"
02/05/2023,ATTIJARIWAFA BANK,ATW,"404,90","400,10","404,90","400,00",9 782,"3 915 979,05",31,"86 077 849 683,90"
28/04/2023,ATTIJARIWAFA BANK,ATW,"403,00","404,90","404,90","400,25",13 695,"5 542 803,50",26,"87 110 525 711,10"
27/04/2023,ATTIJARIWAFA BANK,ATW,"400,20","403,00","403,00","397,00",5 751,"2 305 136,40",29,"86 701 758 117,00"
26/04/2023,ATTIJARIWAFA BANK,ATW,"404,95","400,20","404,95","400,00",29 767,"11 941 542,75",30,"86 099 363 767,80"
25/04/2023,ATTIJARIWAFA BANK,ATW,"401,75","405,00","405,00","400,10",21 377,"8 640 868,85",33,"87 132 039 795,00"
21/04/2023,ATTIJARIWAFA BANK,ATW,"400,00","402,00","402,00","400,00",18 900,"7 597 560,00",16,"86 486 617 278,00"
20/04/2023,ATTIJARIWAFA BANK,ATW,"400,00","400,00","405,00","400,00",3 475,"1 392 363,05",17,"86 056 335 600,00"
19/04/2023,ATTIJARIWAFA BANK,ATW,"400,00","400,05","400,05","400,00",27 845,"11 138 375,00",23,"86 067 092 641,95"
18/04/2023,ATTIJARIWAFA BANK,ATW,"400,00","400,00","400,00","400,00",21 411,"8 564 400,00",21,"86 056 335 600,00"
17/04/2023,ATTIJARIWAFA BANK,ATW,"400,00","400,10","402,00","400,00",10 339,"4 135 922,90",20,"86 077 849 683,90"
14/04/2023,ATTIJARIWAFA BANK,ATW,"400,00","400,05","402,00","400,00",884,"353 825,00",15,"86 067 092 641,95"
13/04/2023,ATTIJARIWAFA BANK,ATW,"398,00","400,00","402,00","398,00",7 019,"2 806 941,40",13,"86 056 335 600,00"
12/04/2023,ATTIJARIWAFA BANK,ATW,"400,00","400,05","403,95","396,60",14 658,"5 890 454,65",20,"86 067 092 641,95"
11/04/2023,ATTIJARIWAFA BANK,ATW,"400,00","404,00","404,00","400,00",13 237,"5 304 514,00",23,"86 916 898 956,00"
10/04/2023,ATTIJARIWAFA BANK,ATW,"400,00","400,00","400,10","400,00",92 575,"37 030 000,20",34,"86 056 335 600,00"
07/04/2023,ATTIJARIWAFA BANK,ATW,"400,00","400,05","402,95","400,00",4 621,"1 848 668,75",14,"86 067 092 641,95"
06/04/2023,ATTIJARIWAFA BANK,ATW,"403,95","400,00","403,95","398,05",110 864,"44 345 507,65",13,"86 056 335 600,00"
05/04/2023,ATTIJARIWAFA BANK,ATW,"401,90","404,00","404,00","400,00",69 967,"27 990 143,55",39,"86 916 898 956,00"
04/04/2023,ATTIJARIWAFA BANK,ATW,"400,00","400,00","402,00","400,00",19 590,"7 836 177,45",43,"86 056 335 600,00"
03/04/2023,ATTIJARIWAFA BANK,ATW,"400,00","400,00","400,00","400,00",150,"60 000,00",3,"86 056 335 600,00"
31/03/2023,ATTIJARIWAFA BANK,ATW,"397,30","396,15","400,00","396,15",496 890,"198 710 755,15",47,"85 228 043 369,85"
30/03/2023,ATTIJARIWAFA BANK,ATW,"397,00","403,00","403,00","397,00",966,"386 684,00",18,"86 701 758 117,00"
29/03/2023,ATTIJARIWAFA BANK,ATW,"397,00","400,00","400,00","397,00",3 165,"1 265 514,00",17,"86 056 335 600,00"
28/03/2023,ATTIJARIWAFA BANK,ATW,"395,50","400,00","400,00","395,50",12 053,"4 818 488,95",25,"86 056 335 600,00"
27/03/2023,ATTIJARIWAFA BANK,ATW,"394,05","400,00","400,00","394,05",3 182,"1 270 851,10",26,"86 056 335 600,00"
24/03/2023,ATTIJARIWAFA BANK,ATW,"400,00","395,10","400,00","393,00",24 082,"9 596 416,40",43,"85 002 145 488,90"
23/03/2023,ATTIJARIWAFA BANK,ATW,"396,00","400,00","400,00","396,00",8 880,"3 551 800,00",9,"86 056 335 600,00"
22/03/2023,ATTIJARIWAFA BANK,ATW,"395,00","400,00","400,00","386,20",25 030,"9 875 147,20",55,"86 056 335 600,00"
21/03/2023,ATTIJARIWAFA BANK,ATW,"383,00","386,00","394,45","383,00",1 467,"563 820,25",43,"83 044 363 854,00"
20/03/2023,ATTIJARIWAFA BANK,ATW,"397,00","396,00","400,00","396,00",170,"67 398,60",16,"85 195 772 244,00"
17/03/2023,ATTIJARIWAFA BANK,ATW,"396,00","396,10","400,00","396,00",28 615,"11 394 269,00",55,"85 217 286 327,90"
16/03/2023,ATTIJARIWAFA BANK,ATW,"396,05","398,70","399,95","396,00",9 690,"3 864 009,55",24,"85 776 652 509,30"
15/03/2023,ATTIJARIWAFA BANK,ATW,"402,00","396,10","402,00","396,00",1 765,"699 182,95",13,"85 217 286 327,90"
14/03/2023,ATTIJARIWAFA BANK,ATW,"395,15","400,00","403,75","395,00",12 212,"4 878 018,90",53,"86 056 335 600,00"
13/03/2023,ATTIJARIWAFA BANK,ATW,"395,00","396,00","405,00","395,00",5 302,"2 124 995,65",29,"85 195 772 244,00"
10/03/2023,ATTIJARIWAFA BANK,ATW,"400,00","399,00","400,00","395,00",30 113,"12 009 923,35",37,"85 841 194 761,00"
09/03/2023,ATTIJARIWAFA BANK,ATW,"399,00","399,00","399,00","395,50",5 178,"2 066 012,00",11,"85 841 194 761,00"
08/03/2023,ATTIJARIWAFA BANK,ATW,"399,00","399,00","404,00","394,00",362,"144 336,80",20,"85 841 194 761,00"
07/03/2023,ATTIJARIWAFA BANK,ATW,"400,10","400,00","400,50","399,00",1 279,"511 085,15",15,"86 056 335 600,00"
06/03/2023,ATTIJARIWAFA BANK,ATW,"405,00","400,00","405,50","399,00",4 075,"1 644 929,85",48,"86 056 335 600,00"
03/03/2023,ATTIJARIWAFA BANK,ATW,"410,00","409,90","410,00","406,00",496,"202 036,50",18,"88 186 229 906,10"
02/03/2023,ATTIJARIWAFA BANK,ATW,"419,90","406,10","419,90","406,10",9 419,"3 843 503,45",68,"87 368 694 717,90"
01/03/2023,ATTIJARIWAFA BANK,ATW,"425,10","415,00","430,00","415,00",97 309,"40 974 275,00",98,"89 283 448 185,00"
28/02/2023,ATTIJARIWAFA BANK,ATW,"411,30","422,00","425,00","411,30",68 135,"28 765 856,30",123,"90 789 434 058,00"
27/02/2023,ATTIJARIWAFA BANK,ATW,"406,50","412,00","412,00","406,50",16 993,"6 994 034,50",51,"88 638 025 668,00"
24/02/2023,ATTIJARIWAFA BANK,ATW,"400,05","409,00","411,00","400,05",47 240,"19 305 072,75",84,"87 992 603 151,00"
23/02/2023,ATTIJARIWAFA BANK,ATW,"400,80","402,05","402,05","400,00",74 567,"29 850 966,15",52,"86 497 374 319,95"
22/02/2023,ATTIJARIWAFA BANK,ATW,"392,00","402,00","402,00","392,00",127 132,"50 599 041,30",92,"86 486 617 278,00"
21/02/2023,ATTIJARIWAFA BANK,ATW,"392,05","393,00","393,00","391,00",4 925,"1 927 857,10",40,"84 550 349 727,00"
20/02/2023,ATTIJARIWAFA BANK,ATW,"395,95","396,55","396,55","393,10",25 648,"10 143 875,95",29,"85 314 099 705,45"
17/02/2023,ATTIJARIWAFA BANK,ATW,"382,15","394,00","395,00","382,15",67 662,"26 636 357,10",37,"84 765 490 566,00"
16/02/2023,ATTIJARIWAFA BANK,ATW,"381,05","385,00","385,00","381,05",8 003,"3 080 472,45",9,"82 829 223 015,00"
15/02/2023,ATTIJARIWAFA BANK,ATW,"390,00","382,00","390,00","378,00",22 838,"8 765 698,30",35,"82 183 800 498,00"
14/02/2023,ATTIJARIWAFA BANK,ATW,"390,00","378,15","390,00","378,15",11 361,"4 304 267,95",65,"81 355 508 267,85"
13/02/2023,ATTIJARIWAFA BANK,ATW,"395,00","390,05","395,00","390,00",1 931,"761 318,70",32,"83 915 684 251,95"
10/02/2023,ATTIJARIWAFA BANK,ATW,"399,00","395,00","399,35","395,00",66 432,"26 324 498,10",51,"84 980 631 405,00"
09/02/2023,ATTIJARIWAFA BANK,ATW,"400,00","396,00","400,00","396,00",76 643,"30 432 189,50",65,"85 195 772 244,00"
08/02/2023,ATTIJARIWAFA BANK,ATW,"386,00","394,00","395,00","385,00",112 705,"44 080 529,95",90,"84 765 490 566,00"
07/02/2023,ATTIJARIWAFA BANK,ATW,"375,00","397,45","397,45","375,00",24 825,"9 469 261,15",49,"85 507 726 460,55"
06/02/2023,ATTIJARIWAFA BANK,ATW,"373,10","375,00","378,90","371,50",15 811,"5 896 328,15",33,"80 677 814 625,00"
03/02/2023,ATTIJARIWAFA BANK,ATW,"375,00","373,00","375,00","372,05",15 970,"5 964 334,25",26,"80 247 532 947,00"
02/02/2023,ATTIJARIWAFA BANK,ATW,"365,00","372,90","372,90","365,00",66 508,"24 575 531,10",78,"80 226 018 863,10"
01/02/2023,ATTIJARIWAFA BANK,ATW,"360,00","365,00","365,00","360,00",48 136,"17 468 016,95",36,"78 526 406 235,00"
31/01/2023,ATTIJARIWAFA BANK,ATW,"360,00","360,00","360,00","357,95",29 095,"10 444 891,25",44,"77 450 702 040,00"
30/01/2023,ATTIJARIWAFA BANK,ATW,"360,00","355,05","360,00","355,05",2 002,"718 433,75",29,"76 385 754 886,95"
27/01/2023,ATTIJARIWAFA BANK,ATW,"360,00","358,00","365,00","358,00",66 951,"24 085 506,00",64,"77 020 420 362,00"
26/01/2023,ATTIJARIWAFA BANK,ATW,"368,00","360,00","368,00","359,00",43 819,"15 813 233,00",74,"77 450 702 040,00"
25/01/2023,ATTIJARIWAFA BANK,ATW,"365,00","364,50","365,00","364,50",21 864,"7 974 568,75",29,"78 418 835 815,50"
24/01/2023,ATTIJARIWAFA BANK,ATW,"369,00","365,00","369,00","365,00",26 807,"9 799 146,55",45,"78 526 406 235,00"
23/01/2023,ATTIJARIWAFA BANK,ATW,"370,00","368,40","370,00","360,00",10 766,"3 916 506,40",42,"79 257 885 087,60"
20/01/2023,ATTIJARIWAFA BANK,ATW,"370,00","368,00","370,00","365,50",28 423,"10 459 751,40",23,"79 171 828 752,00"
19/01/2023,ATTIJARIWAFA BANK,ATW,"371,00","368,00","372,95","360,00",26 849,"9 935 482,55",71,"79 171 828 752,00"
18/01/2023,ATTIJARIWAFA BANK,ATW,"373,00","372,00","374,00","372,00",31 495,"11 730 487,80",58,"80 032 392 108,00"
17/01/2023,ATTIJARIWAFA BANK,ATW,"375,00","374,00","375,00","373,35",16 679,"6 238 591,70",49,"80 462 673 786,00"
16/01/2023,ATTIJARIWAFA BANK,ATW,"375,00","374,00","375,00","373,35",60 417,"22 636 219,95",71,"80 462 673 786,00"
13/01/2023,ATTIJARIWAFA BANK,ATW,"370,00","374,00","375,00","370,00",35 625,"13 287 239,25",51,"80 462 673 786,00"
12/01/2023,ATTIJARIWAFA BANK,ATW,"365,00","369,50","370,00","365,00",97 804,"35 714 854,10",73,"79 494 540 010,50"
10/01/2023,ATTIJARIWAFA BANK,ATW,"361,00","360,00","361,00","358,10",76 307,"27 441 324,85",64,"77 450 702 040,00"
09/01/2023,ATTIJARIWAFA BANK,ATW,"360,00","360,00","365,00","360,00",74 720,"27 034 085,80",41,"77 450 702 040,00"
06/01/2023,ATTIJARIWAFA BANK,ATW,"365,00","359,00","370,00","359,00",99 814,"36 074 151,45",117,"77 235 561 201,00"
05/01/2023,ATTIJARIWAFA BANK,ATW,"380,00","364,90","380,00","363,00",29 065,"10 718 438,20",129,"78 504 892 151,10"
04/01/2023,ATTIJARIWAFA BANK,ATW,"385,00","379,50","385,00","379,50",46 214,"17 619 492,80",100,"81 645 948 400,50"
03/01/2023,ATTIJARIWAFA BANK,ATW,"385,40","384,00","390,10","382,05",30 860,"11 864 014,10",79,"82 614 082 176,00"
02/01/2023,ATTIJARIWAFA BANK,ATW,"400,00","385,00","400,00","385,00",2 482,"957 050,10",51,"82 829 223 015,00"
30/12/2022,ATTIJARIWAFA BANK,ATW,"393,50","392,00","395,00","392,00",72 489,"28 422 303,05",47,"84 335 208 888,00"
29/12/2022,ATTIJARIWAFA BANK,ATW,"392,35","395,00","395,00","392,35",35 947,"14 191 684,25",36,"84 980 631 405,00"
28/12/2022,ATTIJARIWAFA BANK,ATW,"392,30","397,00","397,00","390,05",2 336,"922 850,65",29,"85 410 913 083,00"
27/12/2022,ATTIJARIWAFA BANK,ATW,"392,00","397,00","398,95","392,00",27 378,"10 753 859,50",61,"85 410 913 083,00"
26/12/2022,ATTIJARIWAFA BANK,ATW,"400,00","400,00","400,00","400,00",162,"64 800,00",6,"86 056 335 600,00"
23/12/2022,ATTIJARIWAFA BANK,ATW,"400,00","400,00","400,00","396,00",32 088,"12 785 191,60",24,"86 056 335 600,00"
22/12/2022,ATTIJARIWAFA BANK,ATW,"394,00","395,00","400,00","394,00",1 865,"736 692,70",5,"84 980 631 405,00"
21/12/2022,ATTIJARIWAFA BANK,ATW,"390,00","391,00","392,00","390,00",712,"277 912,00",10,"84 120 068 049,00"
20/12/2022,ATTIJARIWAFA BANK,ATW,"403,00","390,00","404,00","390,00",55 000,"22 154 303,20",49,"83 904 927 210,00"
19/12/2022,ATTIJARIWAFA BANK,ATW,"398,00","400,00","400,00","398,00",6,"2 394,00",3,"86 056 335 600,00"
16/12/2022,ATTIJARIWAFA BANK,ATW,"409,80","401,95","409,80","400,00",24 439,"9 831 269,15",38,"86 475 860 236,05"
15/12/2022,ATTIJARIWAFA BANK,ATW,"410,00","410,00","410,00","409,50",32 766,"13 429 870,00",35,"88 207 743 990,00"
14/12/2022,ATTIJARIWAFA BANK,ATW,"409,05","410,00","410,00","409,05",55 826,"22 884 347,10",27,"88 207 743 990,00"
13/12/2022,ATTIJARIWAFA BANK,ATW,"412,00","409,80","412,00","407,50",254 016,"103 904 674,80",22,"88 164 715 822,20"
12/12/2022,ATTIJARIWAFA BANK,ATW,"411,95","409,90","412,00","407,05",13 976,"5 729 925,25",11,"88 186 229 906,10"
09/12/2022,ATTIJARIWAFA BANK,ATW,"408,00","409,90","410,00","406,05",20 583,"8 438 269,40",21,"88 186 229 906,10"
08/12/2022,ATTIJARIWAFA BANK,ATW,"406,50","409,95","410,00","406,50",862 558,"353 604 135,50",29,"88 196 986 948,05"
07/12/2022,ATTIJARIWAFA BANK,ATW,"411,00","410,00","411,00","408,00",192 808,"79 051 251,50",52,"88 207 743 990,00"
06/12/2022,ATTIJARIWAFA BANK,ATW,"412,00","410,00","412,00","408,00",41 055,"16 832 832,00",38,"88 207 743 990,00"
05/12/2022,ATTIJARIWAFA BANK,ATW,"406,05","410,00","410,00","405,10",2 075,"850 220,85",23,"88 207 743 990,00"
02/12/2022,ATTIJARIWAFA BANK,ATW,"410,00","410,00","410,00","405,65",15 511,"6 359 348,30",33,"88 207 743 990,00"
01/12/2022,ATTIJARIWAFA BANK,ATW,"405,00","410,00","411,05","405,00",16 537,"6 781 578,30",33,"88 207 743 990,00"
30/11/2022,ATTIJARIWAFA BANK,ATW,"405,25","403,00","408,00","401,00",62 881,"25 385 455,15",69,"86 701 758 117,00"
29/11/2022,ATTIJARIWAFA BANK,ATW,"410,00","409,00","410,00","406,00",19 363,"7 927 594,65",30,"87 992 603 151,00"
28/11/2022,ATTIJARIWAFA BANK,ATW,"410,00","410,00","411,00","410,00",26 033,"10 676 550,00",37,"88 207 743 990,00"
25/11/2022,ATTIJARIWAFA BANK,ATW,"405,00","409,95","409,95","405,00",6 136,"2 509 855,00",17,"88 196 986 948,05"
24/11/2022,ATTIJARIWAFA BANK,ATW,"402,55","403,00","410,00","394,10",6 697,"2 705 352,20",23,"86 701 758 117,00"
23/11/2022,ATTIJARIWAFA BANK,ATW,"402,00","405,00","405,00","400,05",5 775,"2 337 065,85",27,"87 132 039 795,00"
22/11/2022,ATTIJARIWAFA BANK,ATW,"401,05","403,50","403,50","401,00",6 579,"2 653 133,30",18,"86 809 328 536,50"
21/11/2022,ATTIJARIWAFA BANK,ATW,"405,00","401,00","405,10","401,00",30 762,"12 368 395,00",56,"86 271 476 439,00"
17/11/2022,ATTIJARIWAFA BANK,ATW,"395,00","405,00","405,00","395,00",44 065,"17 638 015,25",85,"87 132 039 795,00"
16/11/2022,ATTIJARIWAFA BANK,ATW,"385,00","390,00","390,05","385,00",25 203,"9 773 977,45",65,"83 904 927 210,00"
15/11/2022,ATTIJARIWAFA BANK,ATW,"379,00","383,10","383,10","378,00",37 844,"14 399 072,40",64,"82 420 455 420,90"
14/11/2022,ATTIJARIWAFA BANK,ATW,"378,00","378,00","378,00","375,00",9 657,"3 626 656,60",28,"81 323 237 142,00"
11/11/2022,ATTIJARIWAFA BANK,ATW,"380,00","373,00","380,00","370,10",150 153,"55 764 932,80",101,"80 247 532 947,00"
10/11/2022,ATTIJARIWAFA BANK,ATW,"389,00","372,00","389,00","372,00",58 537,"22 213 733,90",72,"80 032 392 108,00"
09/11/2022,ATTIJARIWAFA BANK,ATW,"388,00","387,00","389,90","386,65",46 051,"17 886 787,00",25,"83 259 504 693,00"
08/11/2022,ATTIJARIWAFA BANK,ATW,"386,25","387,80","392,00","386,25",20 028,"7 796 293,10",17,"83 431 617 364,20"
07/11/2022,ATTIJARIWAFA BANK,ATW,"393,50","389,95","393,50","389,95",29 622,"11 552 730,35",21,"83 894 170 168,05"
04/11/2022,ATTIJARIWAFA BANK,ATW,"388,00","388,00","390,00","388,00",29 869,"11 638 408,95",30,"83 474 645 532,00"
03/11/2022,ATTIJARIWAFA BANK,ATW,"390,00","390,00","394,00","387,00",2 903,"1 132 367,20",14,"83 904 927 210,00"
02/11/2022,ATTIJARIWAFA BANK,ATW,"394,90","390,00","394,90","390,00",4 411,"1 721 205,90",21,"83 904 927 210,00"
01/11/2022,ATTIJARIWAFA BANK,ATW,"390,00","390,00","390,00","389,95",19 185,"7 481 276,75",15,"83 904 927 210,00"
31/10/2022,ATTIJARIWAFA BANK,ATW,"394,00","385,00","395,00","385,00",28 062,"10 890 242,90",30,"82 829 223 015,00"
28/10/2022,ATTIJARIWAFA BANK,ATW,"390,00","390,10","394,00","390,00",13 169,"5 136 245,80",31,"83 926 441 293,90"
27/10/2022,ATTIJARIWAFA BANK,ATW,"380,00","390,00","390,00","380,00",10 229,"3 941 177,90",44,"83 904 927 210,00"
26/10/2022,ATTIJARIWAFA BANK,ATW,"390,50","375,50","394,50","375,50",38 644,"14 593 779,40",104,"80 785 385 044,50"
25/10/2022,ATTIJARIWAFA BANK,ATW,"389,00","395,00","398,00","389,00",27 611,"10 895 092,95",29,"84 980 631 405,00"
24/10/2022,ATTIJARIWAFA BANK,ATW,"390,00","390,05","399,95","390,00",3 432,"1 342 635,60",46,"83 915 684 251,95"
21/10/2022,ATTIJARIWAFA BANK,ATW,"399,00","398,00","400,00","398,00",12 569,"5 012 534,70",32,"85 626 053 922,00"
20/10/2022,ATTIJARIWAFA BANK,ATW,"404,00","399,00","405,00","399,00",34 849,"13 939 644,40",66,"85 841 194 761,00"
19/10/2022,ATTIJARIWAFA BANK,ATW,"410,00","408,00","415,00","403,50",31 888,"12 999 904,15",43,"87 777 462 312,00"
18/10/2022,ATTIJARIWAFA BANK,ATW,"412,00","406,00","412,00","406,00",3 071,"1 253 837,80",35,"87 347 180 634,00"
17/10/2022,ATTIJARIWAFA BANK,ATW,"415,00","412,05","420,00","408,00",12 979,"5 339 750,55",40,"88 648 782 709,95"
14/10/2022,ATTIJARIWAFA BANK,ATW,"417,55","411,05","420,00","411,05",62 183,"25 676 762,55",68,"88 433 641 870,95"
13/10/2022,ATTIJARIWAFA BANK,ATW,"424,00","419,00","424,00","416,40",13 952,"5 847 391,00",34,"90 144 011 541,00"
12/10/2022,ATTIJARIWAFA BANK,ATW,"423,10","424,00","425,00","423,10",24 404,"10 361 317,10",14,"91 219 715 736,00"
11/10/2022,ATTIJARIWAFA BANK,ATW,"425,00","429,00","429,00","423,00",21 851,"9 297 317,75",28,"92 295 419 931,00"
07/10/2022,ATTIJARIWAFA BANK,ATW,"421,05","422,00","425,00","420,00",11 875,"5 008 987,40",28,"90 789 434 058,00"
06/10/2022,ATTIJARIWAFA BANK,ATW,"422,00","421,00","422,00","420,00",10 388,"4 373 580,00",5,"90 574 293 219,00"
05/10/2022,ATTIJARIWAFA BANK,ATW,"416,10","420,00","425,00","416,10",8 855,"3 720 538,75",13,"90 359 152 380,00"
04/10/2022,ATTIJARIWAFA BANK,ATW,"416,15","415,55","420,00","415,00",67 599,"28 059 441,45",23,"89 401 775 646,45"
03/10/2022,ATTIJARIWAFA BANK,ATW,"421,00","415,20","422,00","415,20",2 014,"841 014,00",27,"89 326 476 352,80"
30/09/2022,ATTIJARIWAFA BANK,ATW,"425,00","425,00","425,00","411,00",187 113,"79 394 104,75",68,"91 434 856 575,00"
29/09/2022,ATTIJARIWAFA BANK,ATW,"420,00","421,00","428,00","420,00",47 621,"20 020 312,00",57,"90 574 293 219,00"
28/09/2022,ATTIJARIWAFA BANK,ATW,"431,15","425,00","431,15","420,10",111 012,"47 209 324,60",99,"91 434 856 575,00"
27/09/2022,ATTIJARIWAFA BANK,ATW,"441,05","438,00","441,50","438,00",354 197,"156 052 616,80",44,"94 231 687 482,00"
26/09/2022,ATTIJARIWAFA BANK,ATW,"431,00","440,50","441,00","431,00",51 924,"22 877 700,90",54,"94 769 539 579,50"
23/09/2022,ATTIJARIWAFA BANK,ATW,"437,00","440,50","443,00","437,00",37 179,"16 376 821,30",28,"94 769 539 579,50"
22/09/2022,ATTIJARIWAFA BANK,ATW,"440,00","441,95","441,95","440,00",34 561,"15 226 216,85",45,"95 081 493 796,05"
21/09/2022,ATTIJARIWAFA BANK,ATW,"435,00","439,00","441,00","435,00",3 203,"1 394 441,50",8,"94 446 828 321,00"
20/09/2022,ATTIJARIWAFA BANK,ATW,"441,00","439,80","441,00","437,00",8 811,"3 858 642,40",11,"94 618 940 992,20"
19/09/2022,ATTIJARIWAFA BANK,ATW,"438,00","438,00","438,10","438,00",7 039,"3 083 083,00",18,"94 231 687 482,00"
16/09/2022,ATTIJARIWAFA BANK,ATW,"438,00","441,00","441,00","437,00",30 502,"13 366 277,00",28,"94 877 109 999,00"
15/09/2022,ATTIJARIWAFA BANK,ATW,"436,50","438,00","438,00","435,10",419,"183 324,00",8,"94 231 687 482,00"
14/09/2022,ATTIJARIWAFA BANK,ATW,"438,00","438,00","438,00","437,00",7 622,"3 337 886,00",11,"94 231 687 482,00"
13/09/2022,ATTIJARIWAFA BANK,ATW,"437,00","438,00","438,00","433,20",42 701,"18 660 962,00",21,"94 231 687 482,00"
12/09/2022,ATTIJARIWAFA BANK,ATW,"435,00","435,00","435,00","431,60",1 600,"694 984,35",19,"93 586 264 965,00"
09/09/2022,ATTIJARIWAFA BANK,ATW,"432,05","437,00","437,05","432,05",103 209,"45 084 257,05",41,"94 016 546 643,00"
08/09/2022,ATTIJARIWAFA BANK,ATW,"432,60","432,60","435,00","432,60",5 175,"2 250 733,80",10,"93 069 926 951,40"
07/09/2022,ATTIJARIWAFA BANK,ATW,"432,20","435,50","435,50","432,15",5 194,"2 259 254,95",8,"93 693 835 384,50"
06/09/2022,ATTIJARIWAFA BANK,ATW,"431,10","435,00","435,00","431,10",2 941,"1 275 746,70",24,"93 586 264 965,00"
05/09/2022,ATTIJARIWAFA BANK,ATW,"430,10","432,10","439,00","430,10",24 936,"10 750 157,20",29,"92 962 356 531,90"
02/09/2022,ATTIJARIWAFA BANK,ATW,"439,95","435,00","439,95","432,20",1 910,"840 085,20",9,"93 586 264 965,00"
01/09/2022,ATTIJARIWAFA BANK,ATW,"433,95","432,00","433,95","432,00",830,"358 596,25",8,"92 940 842 448,00"
31/08/2022,ATTIJARIWAFA BANK,ATW,"442,90","436,50","442,90","434,95",12 502,"5 454 959,60",27,"93 908 976 223,50"
30/08/2022,ATTIJARIWAFA BANK,ATW,"437,05","435,15","440,00","435,00",14 575,"6 409 368,60",28,"93 618 536 090,85"
29/08/2022,ATTIJARIWAFA BANK,ATW,"436,10","440,00","440,00","436,10",3 614,"1 590 148,30",14,"94 661 969 160,00"
26/08/2022,ATTIJARIWAFA BANK,ATW,"432,50","440,00","440,00","432,50",15 159,"6 668 767,50",17,"94 661 969 160,00"
25/08/2022,ATTIJARIWAFA BANK,ATW,"433,00","440,00","440,00","432,15",1 672,"728 924,05",12,"94 661 969 160,00"
24/08/2022,ATTIJARIWAFA BANK,ATW,"436,00","439,00","439,00","432,15",2 863,"1 239 664,90",23,"94 446 828 321,00"
23/08/2022,ATTIJARIWAFA BANK,ATW,"447,90","439,55","447,90","436,00",21 981,"9 654 989,30",27,"94 565 155 782,45"
22/08/2022,ATTIJARIWAFA BANK,ATW,"442,05","438,50","442,05","438,50",12 273,"5 414 492,50",33,"94 339 257 901,50"
19/08/2022,ATTIJARIWAFA BANK,ATW,"443,50","445,00","445,00","440,10",11 034,"4 889 606,00",41,"95 737 673 355,00"
18/08/2022,ATTIJARIWAFA BANK,ATW,"449,95","443,50","449,95","442,60",14 888,"6 638 237,05",33,"95 414 962 096,50"
17/08/2022,ATTIJARIWAFA BANK,ATW,"450,20","448,00","450,20","443,30",19 085,"8 588 389,70",18,"96 383 095 872,00"
16/08/2022,ATTIJARIWAFA BANK,ATW,"448,00","450,10","450,10","445,00",14 134,"6 360 339,70",30,"96 834 891 633,90"
15/08/2022,ATTIJARIWAFA BANK,ATW,"446,00","448,00","449,00","442,00",11 135,"4 983 215,15",25,"96 383 095 872,00"
